say,0.05704354937640564
see,0.03179308934778164
go,0.03128194643222245
tell,0.023512574115722756
come,0.022490288284604375
take,0.020445716622367615
know,0.01911674504191372
look,0.018810059292578205
give,0.01748108771212431
ask,0.014618687384992843
cry,0.014414230218769168
make,0.012267429973420568
think,0.011858515640973216
get,0.011756287057861378
put,0.009405029646289103
leave,0.009405029646289103
sit,0.009302801063177265
begin,0.00899611531384175
feel,0.008893886730729912
turn,0.008791658147618075
find,0.008587200981394398
love,0.00848497239828256
seem,0.007769372316499694
answer,0.007769372316499694
hear,0.0075649151502760175
run,0.007462686567164179
want,0.007360457984052341
speak,0.006951543651604989
do,0.00684931506849315
call,0.006747086485381313
keep,0.006747086485381313
stand,0.006644857902269475
bring,0.006031486403598446
s,0.005929257820486608
try,0.00582702923737477
die,0.005520343488039256
carry,0.00531588632181558
kiss,0.005009200572480065
kill,0.0049069719893682275
help,0.004600286240032713
hold,0.004293600490697199
stop,0.004191371907585361
become,0.004089143324473523
lay,0.004089143324473523
set,0.003986914741361685
fall,0.003986914741361685
lie,0.003884686158249847
marry,0.003884686158249847
show,0.003884686158249847
could,0.0037824575751380088
meet,0.0036802289920261706
understand,0.0035780004089143325
throw,0.0035780004089143325
draw,0.0034757718258024944
walk,0.0034757718258024944
let,0.0034757718258024944
remember,0.0033735432426906563
pass,0.0033735432426906563
like,0.0033735432426906563
wake,0.0033735432426906563
lose,0.003271314659578818
use,0.003271314659578818
laugh,0.00316908607646698
add,0.003066857493355142
whisper,0.002964628910243304
grow,0.002964628910243304
open,0.002964628910243304
follow,0.002964628910243304
live,0.002964628910243304
send,0.0028624003271314658
wear,0.00265794316090779
lift,0.0024534859946841138
notice,0.0024534859946841138
touch,0.0024534859946841138
reach,0.0024534859946841138
have,0.0024534859946841138
catch,0.0023512574115722757
fly,0.0023512574115722757
move,0.0023512574115722757
sleep,0.0023512574115722757
start,0.0023512574115722757
watch,0.0022490288284604375
read,0.0022490288284604375
drop,0.0022490288284604375
sink,0.0022490288284604375
bear,0.0021468002453485994
lead,0.0021468002453485994
repeat,0.0021468002453485994
mean,0.0021468002453485994
write,0.0021468002453485994
seize,0.0020445716622367613
rush,0.0020445716622367613
raise,0.0020445716622367613
shake,0.0020445716622367613
forget,0.0020445716622367613
pull,0.0020445716622367613
wish,0.0020445716622367613
reply,0.0019423430791249234
jump,0.0019423430791249234
wait,0.0019423430791249234
would,0.0019423430791249234
eat,0.0018401144960130853
pick,0.0018401144960130853
comfort,0.0018401144960130853
hide,0.0017378859129012472
return,0.0017378859129012472
believe,0.0017378859129012472
dress,0.0017378859129012472
beg,0.0017378859129012472
talk,0.001635657329789409
break,0.001635657329789409
beat,0.001635657329789409
strike,0.001533428746677571
scream,0.001533428746677571
remain,0.001533428746677571
hurry,0.001533428746677571
push,0.001533428746677571
fling,0.0014312001635657329
listen,0.0014312001635657329
rise,0.0014312001635657329
place,0.0014312001635657329
observe,0.0014312001635657329
enter,0.001328971580453895
expect,0.001328971580453895
need,0.001328971580453895
lean,0.001328971580453895
exclaim,0.001328971580453895
thank,0.001328971580453895
please,0.001328971580453895
embrace,0.001328971580453895
offer,0.0012267429973420569
decide,0.0012267429973420569
suffer,0.0012267429973420569
inquire,0.0012267429973420569
smile,0.0012267429973420569
weep,0.0012267429973420569
finish,0.0012267429973420569
miss,0.0012267429973420569
cut,0.0012267429973420569
stay,0.0012267429973420569
order,0.0012267429973420569
blow,0.0012267429973420569
tie,0.0012267429973420569
warn,0.0011245144142302188
teach,0.0011245144142302188
glance,0.0011245144142302188
dream,0.0011245144142302188
ought,0.0011245144142302188
play,0.0011245144142302188
dare,0.0011245144142302188
tremble,0.0011245144142302188
explain,0.0011245144142302188
frighten,0.0011245144142302188
allow,0.0011245144142302188
spring,0.0011245144142302188
sell,0.0011245144142302188
drive,0.0011245144142302188
appear,0.0010222858311183807
cover,0.0010222858311183807
remind,0.0010222858311183807
save,0.0010222858311183807
gaze,0.0010222858311183807
fancy,0.0010222858311183807
assure,0.0010222858311183807
disturb,0.0010222858311183807
prevent,0.0010222858311183807
bury,0.0010222858311183807
continue,0.0010222858311183807
admire,0.0010222858311183807
treat,0.0010222858311183807
force,0.0009200572480065427
bind,0.0009200572480065427
possess,0.0009200572480065427
succeed,0.0009200572480065427
pause,0.0009200572480065427
round,0.0009200572480065427
hurt,0.0009200572480065427
fetch,0.0009200572480065427
arrive,0.0009200572480065427
refuse,0.0009200572480065427
fail,0.0009200572480065427
clasp,0.0009200572480065427
promise,0.0009200572480065427
whip,0.0009200572480065427
care,0.0008178286648947046
work,0.0008178286648947046
long,0.0008178286648947046
seek,0.0008178286648947046
receive,0.0008178286648947046
be,0.0008178286648947046
visit,0.0008178286648947046
grieve,0.0008178286648947046
approach,0.0008178286648947046
wander,0.0008178286648947046
accompany,0.0008178286648947046
join,0.0008178286648947046
pray,0.0008178286648947046
change,0.0008178286648947046
point,0.0008178286648947046
tear,0.0008178286648947046
roll,0.0008178286648947046
steal,0.0008178286648947046
sail,0.0008178286648947046
hand,0.0008178286648947046
murmur,0.0008178286648947046
step,0.0008178286648947046
insist,0.0008178286648947046
pay,0.0008178286648947046
worry,0.0008178286648947046
utter,0.0008178286648947046
declare,0.0008178286648947046
behold,0.0007156000817828664
recognize,0.0007156000817828664
shudder,0.0007156000817828664
buy,0.0007156000817828664
hit,0.0007156000817828664
resist,0.0007156000817828664
gather,0.0007156000817828664
address,0.0007156000817828664
choose,0.0007156000817828664
drink,0.0007156000817828664
manage,0.0007156000817828664
bow,0.0007156000817828664
realise,0.0007156000817828664
protect,0.0007156000817828664
mention,0.0007156000817828664
complain,0.0007156000817828664
prepare,0.0007156000817828664
breathe,0.0007156000817828664
close,0.0007156000817828664
sigh,0.0007156000817828664
interrupt,0.0007156000817828664
shut,0.0007156000817828664
abandon,0.0007156000817828664
murder,0.0007156000817828664
slip,0.0007156000817828664
engage,0.0007156000817828664
fill,0.0007156000817828664
invite,0.0007156000817828664
burst,0.0007156000817828664
float,0.0007156000817828664
hang,0.0007156000817828664
grab,0.0007156000817828664
blame,0.0007156000817828664
will,0.0006133714986710284
clutch,0.0006133714986710284
press,0.0006133714986710284
snatch,0.0006133714986710284
thrust,0.0006133714986710284
wonder,0.0006133714986710284
persuade,0.0006133714986710284
learn,0.0006133714986710284
dance,0.0006133714986710284
forgive,0.0006133714986710284
fix,0.0006133714986710284
may,0.0006133714986710284
bend,0.0006133714986710284
cross,0.0006133714986710284
tuck,0.0006133714986710284
pity,0.0006133714986710284
greet,0.0006133714986710284
awake,0.0006133714986710284
destroy,0.0006133714986710284
agree,0.0006133714986710284
nod,0.0006133714986710284
wave,0.0006133714986710284
cling,0.0006133714986710284
motion,0.0006133714986710284
drag,0.0006133714986710284
sweep,0.0006133714986710284
regard,0.0006133714986710284
toss,0.0006133714986710284
recognise,0.0006133714986710284
bid,0.0006133714986710284
melt,0.0006133714986710284
face,0.0006133714986710284
shout,0.0006133714986710284
gain,0.0005111429155591903
hesitate,0.0005111429155591903
endure,0.0005111429155591903
belong,0.0005111429155591903
inform,0.0005111429155591903
remark,0.0005111429155591903
peep,0.0005111429155591903
guess,0.0005111429155591903
mutter,0.0005111429155591903
urge,0.0005111429155591903
hate,0.0005111429155591903
knock,0.0005111429155591903
restore,0.0005111429155591903
disappear,0.0005111429155591903
consent,0.0005111429155591903
hypnotise,0.0005111429155591903
desert,0.0005111429155591903
discover,0.0005111429155591903
induce,0.0005111429155591903
win,0.0005111429155591903
choke,0.0005111429155591903
wound,0.0005111429155591903
spare,0.0005111429155591903
trust,0.0005111429155591903
flatter,0.0005111429155591903
escort,0.0005111429155591903
gasp,0.0005111429155591903
entreat,0.0005111429155591903
pour,0.0005111429155591903
wash,0.0005111429155591903
warnt,0.0005111429155591903
sew,0.0005111429155591903
count,0.0005111429155591903
conceal,0.0004089143324473523
flee,0.0004089143324473523
enable,0.0004089143324473523
respond,0.0004089143324473523
cease,0.0004089143324473523
amuse,0.0004089143324473523
express,0.0004089143324473523
behave,0.0004089143324473523
arrange,0.0004089143324473523
describe,0.0004089143324473523
welcome,0.0004089143324473523
advance,0.0004089143324473523
imagine,0.0004089143324473523
grope,0.0004089143324473523
desire,0.0004089143324473523
hope,0.0004089143324473523
resume,0.0004089143324473523
scold,0.0004089143324473523
spread,0.0004089143324473523
swallow,0.0004089143324473523
stretch,0.0004089143324473523
puzzle,0.0004089143324473523
appeal,0.0004089143324473523
venture,0.0004089143324473523
oblige,0.0004089143324473523
admit,0.0004089143324473523
prick,0.0004089143324473523
wrap,0.0004089143324473523
fret,0.0004089143324473523
harm,0.0004089143324473523
stir,0.0004089143324473523
respect,0.0004089143324473523
fear,0.0004089143324473523
alarm,0.0004089143324473523
trace,0.0004089143324473523
bite,0.0004089143324473523
suspect,0.0004089143324473523
recover,0.0004089143324473523
guard,0.0004089143324473523
fold,0.0004089143324473523
overwhelm,0.0004089143324473523
can,0.0004089143324473523
beseech,0.0004089143324473523
own,0.0004089143324473523
crowd,0.0004089143324473523
prove,0.0004089143324473523
swing,0.0004089143324473523
wring,0.0004089143324473523
adore,0.0004089143324473523
propose,0.0004089143324473523
linger,0.0004089143324473523
stumble,0.0004089143324473523
travel,0.0004089143324473523
sing,0.0004089143324473523
shoot,0.0004089143324473523
control,0.0004089143324473523
escape,0.0004089143324473523
faint,0.0004089143324473523
intend,0.0004089143324473523
convince,0.0004089143324473523
knit,0.0004089143324473523
deliver,0.0004089143324473523
light,0.0004089143324473523
reckon,0.0004089143324473523
despise,0.0004089143324473523
judge,0.0004089143324473523
build,0.0004089143324473523
deceive,0.0004089143324473523
betray,0.0004089143324473523
creep,0.0004089143324473523
overtake,0.0004089143324473523
waken,0.0004089143324473523
beach,0.0004089143324473523
beheld,0.0003066857493355142
ascend,0.0003066857493355142
await,0.0003066857493355142
deem,0.0003066857493355142
cast,0.0003066857493355142
shock,0.0003066857493355142
owe,0.0003066857493355142
create,0.0003066857493355142
resemble,0.0003066857493355142
remove,0.0003066857493355142
survive,0.0003066857493355142
undergo,0.0003066857493355142
bethink,0.0003066857493355142
permit,0.0003066857493355142
attempt,0.0003066857493355142
impress,0.0003066857493355142
doubt,0.0003066857493355142
hasten,0.0003066857493355142
extend,0.0003066857493355142
clap,0.0003066857493355142
question,0.0003066857493355142
confess,0.0003066857493355142
consider,0.0003066857493355142
kneel,0.0003066857493355142
dry,0.0003066857493355142
squeeze,0.0003066857493355142
check,0.0003066857493355142
contradict,0.0003066857493355142
plan,0.0003066857493355142
mind,0.0003066857493355142
undress,0.0003066857493355142
charm,0.0003066857493355142
ease,0.0003066857493355142
restrain,0.0003066857493355142
breach,0.0003066857493355142
lodge,0.0003066857493355142
slide,0.0003066857493355142
present,0.0003066857493355142
hail,0.0003066857493355142
blowsthere,0.0003066857493355142
flush,0.0003066857493355142
heave,0.0003066857493355142
wrong,0.0003066857493355142
act,0.0003066857493355142
strip,0.0003066857493355142
mar,0.0003066857493355142
snap,0.0003066857493355142
invent,0.0003066857493355142
tidy,0.0003066857493355142
crawl,0.0003066857493355142
resolve,0.0003066857493355142
surprise,0.0003066857493355142
spend,0.0003066857493355142
retort,0.0003066857493355142
stab,0.0003066857493355142
examine,0.0003066857493355142
vanish,0.0003066857493355142
threaten,0.0003066857493355142
adopt,0.0003066857493355142
sob,0.0003066857493355142
recall,0.0003066857493355142
bestow,0.0003066857493355142
bless,0.0003066857493355142
cheer,0.0003066857493355142
assist,0.0003066857493355142
devour,0.0003066857493355142
develop,0.0003066857493355142
attend,0.0003066857493355142
swear,0.0003066857493355142
happen,0.0003066857493355142
drift,0.0003066857493355142
overcome,0.0003066857493355142
git,0.0003066857493355142
tole,0.0003066857493355142
rock,0.0003066857493355142
stick,0.0003066857493355142
commence,0.0003066857493355142
scrub,0.0003066857493355142
reproach,0.0003066857493355142
illtreate,0.0003066857493355142
torture,0.0003066857493355142
rouse,0.0003066857493355142
search,0.0003066857493355142
foresee,0.0003066857493355142
bleed,0.0003066857493355142
fit,0.0003066857493355142
chain,0.0003066857493355142
flourish,0.00020445716622367614
envelop,0.00020445716622367614
hath,0.00020445716622367614
fortify,0.00020445716622367614
needs,0.00020445716622367614
exhort,0.00020445716622367614
soothe,0.00020445716622367614
support,0.00020445716622367614
borrow,0.00020445716622367614
compel,0.00020445716622367614
employ,0.00020445716622367614
pursue,0.00020445716622367614
refrain,0.00020445716622367614
endow,0.00020445716622367614
appal,0.00020445716622367614
fain,0.00020445716622367614
grasp,0.00020445716622367614
preserve,0.00020445716622367614
withdraw,0.00020445716622367614
weigh,0.00020445716622367614
selfordaine,0.00020445716622367614
serve,0.00020445716622367614
accost,0.00020445716622367614
deserve,0.00020445716622367614
scorn,0.00020445716622367614
climb,0.00020445716622367614
upbraid,0.00020445716622367614
marvel,0.00020445716622367614
acknowledge,0.00020445716622367614
summon,0.00020445716622367614
inherit,0.00020445716622367614
dread,0.00020445716622367614
conquer,0.00020445716622367614
picture,0.00020445716622367614
comprehend,0.00020445716622367614
lend,0.00020445716622367614
pacify,0.00020445716622367614
feed,0.00020445716622367614
flit,0.00020445716622367614
cost,0.00020445716622367614
subject,0.00020445716622367614
unlock,0.00020445716622367614
glide,0.00020445716622367614
entertain,0.00020445716622367614
rally,0.00020445716622367614
swim,0.00020445716622367614
shrink,0.00020445716622367614
tip,0.00020445716622367614
upset,0.00020445716622367614
lick,0.00020445716622367614
steer,0.00020445716622367614
yield,0.00020445716622367614
rejoice,0.00020445716622367614
confide,0.00020445716622367614
tap,0.00020445716622367614
interest,0.00020445716622367614
assent,0.00020445716622367614
affect,0.00020445716622367614
injure,0.00020445716622367614
recoil,0.00020445716622367614
suck,0.00020445716622367614
consult,0.00020445716622367614
grip,0.00020445716622367614
state,0.00020445716622367614
moan,0.00020445716622367614
wail,0.00020445716622367614
constrain,0.00020445716622367614
report,0.00020445716622367614
encounter,0.00020445716622367614
stave,0.00020445716622367614
settle,0.00020445716622367614
man,0.00020445716622367614
board,0.00020445716622367614
head,0.00020445716622367614
halt,0.00020445716622367614
trouble,0.00020445716622367614
produce,0.00020445716622367614
communicate,0.00020445716622367614
wipe,0.00020445716622367614
represent,0.00020445716622367614
alter,0.00020445716622367614
crouch,0.00020445716622367614
bore,0.00020445716622367614
lack,0.00020445716622367614
sneer,0.00020445716622367614
yell,0.00020445716622367614
hiss,0.00020445716622367614
plead,0.00020445716622367614
caress,0.00020445716622367614
bolt,0.00020445716622367614
helmer.kisse,0.00020445716622367614
fatten,0.00020445716622367614
shriek,0.00020445716622367614
illuse,0.00020445716622367614
dash,0.00020445716622367614
concern,0.00020445716622367614
lure,0.00020445716622367614
repent,0.00020445716622367614
attract,0.00020445716622367614
sign,0.00020445716622367614
balance,0.00020445716622367614
hint,0.00020445716622367614
yawn,0.00020445716622367614
assert,0.00020445716622367614
lower,0.00020445716622367614
suggest,0.00020445716622367614
object,0.00020445716622367614
deny,0.00020445716622367614
realize,0.00020445716622367614
rip,0.00020445716622367614
bother,0.00020445716622367614
brush,0.00020445716622367614
fool,0.00020445716622367614
tend,0.00020445716622367614
coax,0.00020445716622367614
acquire,0.00020445716622367614
commend,0.00020445716622367614
calm,0.00020445716622367614
ring,0.00020445716622367614
pant,0.00020445716622367614
betroth,0.00020445716622367614
dislike,0.00020445716622367614
argue,0.00020445716622367614
measure,0.00020445716622367614
startle,0.00020445716622367614
accuse,0.00020445716622367614
attribute,0.00020445716622367614
shove,0.00020445716622367614
attack,0.00020445716622367614
spin,0.00020445716622367614
untie,0.00020445716622367614
aim,0.00020445716622367614
rattle,0.00020445716622367614
dig,0.00020445716622367614
rob,0.00020445716622367614
haint,0.00020445716622367614
snake,0.00020445716622367614
load,0.00020445716622367614
suppose,0.00020445716622367614
overlook,0.00020445716622367614
earn,0.00020445716622367614
pinch,0.00020445716622367614
rely,0.00020445716622367614
barter,0.00020445716622367614
gallop,0.00020445716622367614
thrash,0.00020445716622367614
undertake,0.00020445716622367614
smell,0.00020445716622367614
flutter,0.00020445716622367614
mend,0.00020445716622367614
cough,0.00020445716622367614
articulate,0.00020445716622367614
reassure,0.00020445716622367614
probe,0.00020445716622367614
cure,0.00020445716622367614
fascinate,0.00020445716622367614
scrutinise,0.00020445716622367614
introduce,0.00020445716622367614
obtain,0.00020445716622367614
stare,0.00020445716622367614
paint,0.00020445716622367614
shelter,0.00020445716622367614
defend,0.00020445716622367614
hug,0.00020445716622367614
abuse,0.00020445716622367614
irritate,0.00020445716622367614
pretend,0.00020445716622367614
torment,0.00020445716622367614
astonish,0.00020445716622367614
retire,0.00020445716622367614
alight,0.00020445716622367614
awaken,0.00020445716622367614
taste,0.00020445716622367614
cook,0.00020445716622367614
woo,0.00020445716622367614
pluck,0.00020445716622367614
pat,0.00020445716622367614
scare,0.00020445716622367614
hurl,0.00020445716622367614
awitche,0.00020445716622367614
spy,0.00020445716622367614
stamp,0.00020445716622367614
warm,0.00020445716622367614
overshadow,0.00010222858311183807
sow,0.00010222858311183807
repel,0.00010222858311183807
issue,0.00010222858311183807
enclose,0.00010222858311183807
tread,0.00010222858311183807
strove,0.00010222858311183807
perpetrate,0.00010222858311183807
thathave,0.00010222858311183807
sustain,0.00010222858311183807
breastat,0.00010222858311183807
parentsat,0.00010222858311183807
reason,0.00010222858311183807
incur,0.00010222858311183807
apply,0.00010222858311183807
reject,0.00010222858311183807
banish,0.00010222858311183807
inhabit,0.00010222858311183807
retain,0.00010222858311183807
forbear,0.00010222858311183807
cause,0.00010222858311183807
sin,0.00010222858311183807
terrorstricken,0.00010222858311183807
detect,0.00010222858311183807
name,0.00010222858311183807
hadher,0.00010222858311183807
invest,0.00010222858311183807
hover,0.00010222858311183807
thwart,0.00010222858311183807
acquaint,0.00010222858311183807
prompt,0.00010222858311183807
rememberedbetwixt,0.00010222858311183807
fringe,0.00010222858311183807
deprive,0.00010222858311183807
demand,0.00010222858311183807
array,0.00010222858311183807
quiet,0.00010222858311183807
impel,0.00010222858311183807
provoke,0.00010222858311183807
plunge,0.00010222858311183807
skip,0.00010222858311183807
affection,0.00010222858311183807
infer,0.00010222858311183807
unite,0.00010222858311183807
battle,0.00010222858311183807
entitle,0.00010222858311183807
ordain,0.00010222858311183807
contain,0.00010222858311183807
assume,0.00010222858311183807
discern,0.00010222858311183807
witness,0.00010222858311183807
determine,0.00010222858311183807
flirt,0.00010222858311183807
satisfy,0.00010222858311183807
forsook,0.00010222858311183807
lain,0.00010222858311183807
roam,0.00010222858311183807
undo,0.00010222858311183807
decorate,0.00010222858311183807
adorn,0.00010222858311183807
deck,0.00010222858311183807
ledst,0.00010222858311183807
dwell,0.00010222858311183807
chance,0.00010222858311183807
ransack,0.00010222858311183807
reveal,0.00010222858311183807
drug,0.00010222858311183807
itle,0.00010222858311183807
affirm,0.00010222858311183807
date,0.00010222858311183807
wot,0.00010222858311183807
involve,0.00010222858311183807
pausedturne,0.00010222858311183807
spokefancy,0.00010222858311183807
doze,0.00010222858311183807
tire,0.00010222858311183807
purr,0.00010222858311183807
uncork,0.00010222858311183807
conclude,0.00010222858311183807
peer,0.00010222858311183807
nibble,0.00010222858311183807
box,0.00010222858311183807
sentence,0.00010222858311183807
arch,0.00010222858311183807
gang,0.00010222858311183807
signal,0.00010222858311183807
condescend,0.00010222858311183807
benefit,0.00010222858311183807
brace,0.00010222858311183807
dishonour,0.00010222858311183807
demur,0.00010222858311183807
poohpoohe,0.00010222858311183807
renew,0.00010222858311183807
drain,0.00010222858311183807
breakfast,0.00010222858311183807
fade,0.00010222858311183807
beset,0.00010222858311183807
approve,0.00010222858311183807
differ,0.00010222858311183807
undead,0.00010222858311183807
dieif,0.00010222858311183807
friend,0.00010222858311183807
leap,0.00010222858311183807
telegraph,0.00010222858311183807
eye,0.00010222858311183807
fashion,0.00010222858311183807
sufferboth,0.00010222858311183807
wreck,0.00010222858311183807
detain,0.00010222858311183807
overpower,0.00010222858311183807
droop,0.00010222858311183807
overmaster,0.00010222858311183807
flinch,0.00010222858311183807
rest,0.00010222858311183807
interpret,0.00010222858311183807
form,0.00010222858311183807
incite,0.00010222858311183807
recline,0.00010222858311183807
journey,0.00010222858311183807
bustle,0.00010222858311183807
confine,0.00010222858311183807
ponder,0.00010222858311183807
encourage,0.00010222858311183807
affright,0.00010222858311183807
laugheda,0.00010222858311183807
lighten,0.00010222858311183807
quit,0.00010222858311183807
apparelle,0.00010222858311183807
sport,0.00010222858311183807
ruminate,0.00010222858311183807
explore,0.00010222858311183807
relinquish,0.00010222858311183807
weary,0.00010222858311183807
leak,0.00010222858311183807
herstart,0.00010222858311183807
destine,0.00010222858311183807
forge,0.00010222858311183807
regain,0.00010222858311183807
ballast,0.00010222858311183807
speed,0.00010222858311183807
reharpoone,0.00010222858311183807
depose,0.00010222858311183807
capsize,0.00010222858311183807
chicken,0.00010222858311183807
juggle,0.00010222858311183807
part,0.00010222858311183807
blowsright,0.00010222858311183807
rechurne,0.00010222858311183807
converse,0.00010222858311183807
worship,0.00010222858311183807
echo,0.00010222858311183807
elevate,0.00010222858311183807
contract,0.00010222858311183807
rescue,0.00010222858311183807
titter,0.00010222858311183807
grumble,0.00010222858311183807
console,0.00010222858311183807
spiritualize,0.00010222858311183807
overemphasize,0.00010222858311183807
selfcontaine,0.00010222858311183807
transfigure,0.00010222858311183807
dominate,0.00010222858311183807
clench,0.00010222858311183807
disappoint,0.00010222858311183807
exercise,0.00010222858311183807
mimic,0.00010222858311183807
curse,0.00010222858311183807
atone,0.00010222858311183807
establish,0.00010222858311183807
berkshire,0.00010222858311183807
design,0.00010222858311183807
devote,0.00010222858311183807
detest,0.00010222858311183807
hiccough,0.00010222858311183807
whine,0.00010222858311183807
lash,0.00010222858311183807
cleave,0.00010222858311183807
hadjust,0.00010222858311183807
busy,0.00010222858311183807
confirm,0.00010222858311183807
drape,0.00010222858311183807
correct,0.00010222858311183807
helmer.take,0.00010222858311183807
selfwille,0.00010222858311183807
eclipse,0.00010222858311183807
waylay,0.00010222858311183807
gonone,0.00010222858311183807
transfer,0.00010222858311183807
value,0.00010222858311183807
replace,0.00010222858311183807
interfere,0.00010222858311183807
forbid,0.00010222858311183807
bequeath,0.00010222858311183807
writhe,0.00010222858311183807
convey,0.00010222858311183807
eject,0.00010222858311183807
endeavour,0.00010222858311183807
advise,0.00010222858311183807
refer,0.00010222858311183807
emerge,0.00010222858311183807
confederate,0.00010222858311183807
divine,0.00010222858311183807
slight,0.00010222858311183807
narrate,0.00010222858311183807
conceive,0.00010222858311183807
tilt,0.00010222858311183807
smite,0.00010222858311183807
accentuate,0.00010222858311183807
wink,0.00010222858311183807
extemporize,0.00010222858311183807
wet,0.00010222858311183807
select,0.00010222858311183807
fondle,0.00010222858311183807
announce,0.00010222858311183807
photograph,0.00010222858311183807
expand,0.00010222858311183807
flounce,0.00010222858311183807
narrow,0.00010222858311183807
shift,0.00010222858311183807
monopolize,0.00010222858311183807
hook,0.00010222858311183807
obliterate,0.00010222858311183807
blossom,0.00010222858311183807
croon,0.00010222858311183807
saidbut,0.00010222858311183807
store,0.00010222858311183807
steady,0.00010222858311183807
shy,0.00010222858311183807
curtsey,0.00010222858311183807
muse,0.00010222858311183807
rear,0.00010222858311183807
wind,0.00010222858311183807
preside,0.00010222858311183807
release,0.00010222858311183807
wasand,0.00010222858311183807
nestle,0.00010222858311183807
exaggerate,0.00010222858311183807
spoil,0.00010222858311183807
ravage,0.00010222858311183807
instal,0.00010222858311183807
lovedthe,0.00010222858311183807
knot,0.00010222858311183807
pin,0.00010222858311183807
reserve,0.00010222858311183807
command,0.00010222858311183807
identify,0.00010222858311183807
cheat,0.00010222858311183807
repress,0.00010222858311183807
darken,0.00010222858311183807
relieve,0.00010222858311183807
sacrifice,0.00010222858311183807
abate,0.00010222858311183807
stricken,0.00010222858311183807
revive,0.00010222858311183807
adjure,0.00010222858311183807
mourn,0.00010222858311183807
proceed,0.00010222858311183807
inspire,0.00010222858311183807
bracknell.in,0.00010222858311183807
bracknell.a,0.00010222858311183807
bracknell.glare,0.00010222858311183807
prism.amaze,0.00010222858311183807
PRISM.Still,0.00010222858311183807
unfold,0.00010222858311183807
suffocate,0.00010222858311183807
strain,0.00010222858311183807
dissuade,0.00010222858311183807
slam,0.00010222858311183807
clear,0.00010222858311183807
chuck,0.00010222858311183807
sack,0.00010222858311183807
shell,0.00010222858311183807
sheer,0.00010222858311183807
compare,0.00010222858311183807
quote,0.00010222858311183807
appreciate,0.00010222858311183807
direct,0.00010222858311183807
retreat,0.00010222858311183807
survey,0.00010222858311183807
isand,0.00010222858311183807
sivilize,0.00010222858311183807
abothere,0.00010222858311183807
gwyne,0.00010222858311183807
couldn,0.00010222858311183807
soak,0.00010222858311183807
avisite,0.00010222858311183807
bail,0.00010222858311183807
bulge,0.00010222858311183807
churn,0.00010222858311183807
scour,0.00010222858311183807
tucker,0.00010222858311183807
mash,0.00010222858311183807
slap,0.00010222858311183807
kinder,0.00010222858311183807
ketch,0.00010222858311183807
ketche,0.00010222858311183807
belch,0.00010222858311183807
bray,0.00010222858311183807
milk,0.00010222858311183807
budge,0.00010222858311183807
hove,0.00010222858311183807
waltz,0.00010222858311183807
holler,0.00010222858311183807
jolt,0.00010222858311183807
shame,0.00010222858311183807
standand,0.00010222858311183807
stoop,0.00010222858311183807
fend,0.00010222858311183807
wuz,0.00010222858311183807
ain,0.00010222858311183807
abile,0.00010222858311183807
obey,0.00010222858311183807
agive,0.00010222858311183807
cave,0.00010222858311183807
line,0.00010222858311183807
sholy,0.00010222858311183807
astande,0.00010222858311183807
scramble,0.00010222858311183807
awhirle,0.00010222858311183807
tow,0.00010222858311183807
chip,0.00010222858311183807
withal,0.00010222858311183807
discourage,0.00010222858311183807
instruct,0.00010222858311183807
hire,0.00010222858311183807
divest,0.00010222858311183807
people,0.00010222858311183807
condemn,0.00010222858311183807
attain,0.00010222858311183807
revile,0.00010222858311183807
back,0.00010222858311183807
smartene,0.00010222858311183807
pace,0.00010222858311183807
stray,0.00010222858311183807
besought,0.00010222858311183807
ensure,0.00010222858311183807
outrage,0.00010222858311183807
crack,0.00010222858311183807
struggle,0.00010222858311183807
deal,0.00010222858311183807
lavish,0.00010222858311183807
patter,0.00010222858311183807
neverthose,0.00010222858311183807
howl,0.00010222858311183807
kick,0.00010222858311183807
depart,0.00010222858311183807
cherish,0.00010222858311183807
misunderstand,0.00010222858311183807
prefer,0.00010222858311183807
barefoote,0.00010222858311183807
lock,0.00010222858311183807
overtook,0.00010222858311183807
insult,0.00010222858311183807
bargain,0.00010222858311183807
tease,0.00010222858311183807
dish,0.00010222858311183807
repay,0.00010222858311183807
persecute,0.00010222858311183807
grudge,0.00010222858311183807
stammer,0.00010222858311183807
persist,0.00010222858311183807
should,0.00010222858311183807
hinder,0.00010222858311183807
master,0.00010222858311183807
saith,0.00010222858311183807
reproduce,0.00010222858311183807
quiver,0.00010222858311183807
analyse,0.00010222858311183807
excuse,0.00010222858311183807
intimidate,0.00010222858311183807
hunt,0.00010222858311183807
disillusion,0.00010222858311183807
reduce,0.00010222858311183807
secure,0.00010222858311183807
pounce,0.00010222858311183807
patronise,0.00010222858311183807
scan,0.00010222858311183807
launch,0.00010222858311183807
arm,0.00010222858311183807
leapt,0.00010222858311183807
admonish,0.00010222858311183807
sway,0.00010222858311183807
shed,0.00010222858311183807
test,0.00010222858311183807
dismiss,0.00010222858311183807
strangle,0.00010222858311183807
rap,0.00010222858311183807
ejaculate,0.00010222858311183807
singe,0.00010222858311183807
influence,0.00010222858311183807
screw,0.00010222858311183807
rightserve,0.00010222858311183807
knowsperhap,0.00010222858311183807
bwoken,0.00010222858311183807
embarrass,0.00010222858311183807
overhear,0.00010222858311183807
capture,0.00010222858311183807
agitate,0.00010222858311183807
exchange,0.00010222858311183807
beckon,0.00010222858311183807
arouse,0.00010222858311183807
mumble,0.00010222858311183807
limp,0.00010222858311183807
empty,0.00010222858311183807
soften,0.00010222858311183807
rove,0.00010222858311183807
peck,0.00010222858311183807
loosen,0.00010222858311183807
silence,0.00010222858311183807
jog,0.00010222858311183807
grant,0.00010222858311183807
pine,0.00010222858311183807
unfasten,0.00010222858311183807
unpack,0.00010222858311183807
bake,0.00010222858311183807
relate,0.00010222858311183807
neglect,0.00010222858311183807
suit,0.00010222858311183807
entice,0.00010222858311183807
sprinkle,0.00010222858311183807
strew,0.00010222858311183807
must,0.00010222858311183807
perceive,0.00010222858311183807
lace,0.00010222858311183807
ail,0.00010222858311183807
plague,0.00010222858311183807
peel,0.00010222858311183807
crush,0.00010222858311183807
took,0.00010222858311183807
befall,0.00010222858311183807
punish,0.00010222858311183807
christen,0.00010222858311183807
unwrap,0.00010222858311183807
anger,0.00010222858311183807
abash,0.00010222858311183807
curtsy,0.00010222858311183807
share,0.00010222858311183807
unbolt,0.00010222858311183807
tot,0.00010222858311183807
confuse,0.00010222858311183807
ignore,0.00010222858311183807
resent,0.00010222858311183807
growl,0.00010222858311183807
coddle,0.00010222858311183807
perturb,0.00010222858311183807
exult,0.00010222858311183807
indicate,0.00010222858311183807
thimble,0.00010222858311183807
screech,0.00010222858311183807
wriggle,0.00010222858311183807
mix,0.00010222858311183807
suspend,0.00010222858311183807
vary,0.00010222858311183807
occupy,0.00010222858311183807
splash,0.00010222858311183807
stitch,0.00010222858311183807
propel,0.00010222858311183807
blink,0.00010222858311183807
glory,0.00010222858311183807
entrance,0.00010222858311183807
unhand,0.00010222858311183807
reel,0.00010222858311183807
pop,0.00010222858311183807
flash,0.00010222858311183807
grapple,0.00010222858311183807
praise,0.00010222858311183807
nose,0.00010222858311183807
contrive,0.00010222858311183807
bar,0.00010222858311183807
nurse,0.00010222858311183807
repulse,0.00010222858311183807
weave,0.00010222858311183807
huddle,0.00010222858311183807
resurrect,0.00010222858311183807
spec,0.00010222858311183807
dilute,0.00010222858311183807
tarry,0.00010222858311183807
yearn,0.00010222858311183807
button,0.00010222858311183807
coat,0.00010222858311183807
witch,0.00010222858311183807
dodge,0.00010222858311183807
whistle,0.00010222858311183807
sweat,0.00010222858311183807
calculate,0.00010222858311183807
soliloquize,0.00010222858311183807
trip,0.00010222858311183807
lacerate,0.00010222858311183807
trounce,0.00010222858311183807
near,0.00010222858311183807
descend,0.00010222858311183807
curve,0.00010222858311183807
damn,0.00010222858311183807
drowse,0.00010222858311183807
implore,0.00010222858311183807
blush,0.00010222858311183807
ride,0.00010222858311183807
mistake,0.00010222858311183807
oil,0.00010222858311183807
enchant,0.00010222858311183807
twist,0.00010222858311183807
fight,0.00010222858311183807
clean,0.00010222858311183807
scamper,0.00010222858311183807
whirl,0.00010222858311183807
didlooke,0.00010222858311183807
perish,0.00010222858311183807
saidhard,0.00010222858311183807
dive,0.00010222858311183807
tiptoe,0.00010222858311183807
coughedjust,0.00010222858311183807
feltyou,0.00010222858311183807
trim,0.00010222858311183807
swamp,0.00010222858311183807
anchor,0.00010222858311183807
loom,0.00010222858311183807
yaw,0.00010222858311183807
wheel,0.00010222858311183807
sight,0.00010222858311183807
overhaul,0.00010222858311183807
strand,0.00010222858311183807
