say,0.060182572614107886
go,0.029045643153526972
see,0.028514522821576762
take,0.02237344398340249
tell,0.020215767634854772
know,0.01961825726141079
give,0.018058091286307053
come,0.01782572614107884
ask,0.015701244813278007
think,0.014871369294605809
look,0.01467219917012448
make,0.012547717842323652
get,0.011817427385892117
find,0.01141908713692946
feel,0.010788381742738589
hear,0.009195020746887966
leave,0.008929460580912863
turn,0.008730290456431535
cry,0.008464730290456432
want,0.008464730290456432
s,0.008365145228215768
stand,0.008066390041493775
speak,0.007568464730290456
begin,0.007568464730290456
sit,0.007236514522821577
call,0.007203319502074689
answer,0.0071701244813278005
keep,0.007004149377593361
seem,0.006539419087136929
put,0.006539419087136929
bring,0.006107883817427386
do,0.005742738589211619
hold,0.005278008298755187
would,0.0047136929460580915
walk,0.004580912863070539
live,0.004481327800829876
show,0.0042821576763485475
add,0.0042821576763485475
become,0.00408298755186722
meet,0.004049792531120332
stop,0.004049792531120332
lie,0.003983402489626556
love,0.003983402489626556
remember,0.00391701244813278
use,0.00391701244813278
try,0.00391701244813278
send,0.00391701244813278
draw,0.003817427385892116
kill,0.003784232365145228
carry,0.003784232365145228
let,0.0037178423236514523
lay,0.0036846473029045644
run,0.0036514522821576765
pass,0.0035186721991701244
set,0.0034190871369294607
fall,0.0033858921161825724
follow,0.0033526970954356845
throw,0.0032863070539419087
help,0.003253112033195021
reach,0.0031535269709543567
strike,0.003087136929460581
lose,0.003020746887966805
watch,0.003020746887966805
die,0.0029543568464730293
like,0.0029543568464730293
open,0.002887966804979253
wish,0.002854771784232365
catch,0.002854771784232365
start,0.0027551867219917014
move,0.0025892116182572615
could,0.0025560165975103736
raise,0.0024896265560165973
eat,0.0024896265560165973
have,0.0024564315352697094
talk,0.002323651452282158
return,0.002323651452282158
write,0.002323651452282158
forget,0.002323651452282158
shake,0.0022904564315352695
mean,0.0022572614107883816
lead,0.002190871369294606
bear,0.002190871369294606
save,0.002157676348547718
understand,0.002091286307053942
rise,0.002091286307053942
touch,0.002091286307053942
seize,0.002091286307053942
read,0.001991701244813278
wear,0.001991701244813278
reply,0.001991701244813278
drive,0.001991701244813278
sleep,0.001991701244813278
pay,0.00195850622406639
wake,0.00195850622406639
shout,0.00195850622406639
break,0.0019253112033195022
receive,0.0019253112033195022
grow,0.001892116182572614
learn,0.001892116182572614
believe,0.0018589211618257261
laugh,0.0018589211618257261
notice,0.0018257261410788382
continue,0.0017593360995850622
mutter,0.0016929460580912862
pull,0.0016929460580912862
listen,0.0016597510373443983
appear,0.0016265560165975104
enter,0.0016265560165975104
kiss,0.0016265560165975104
wait,0.0015601659751037344
beg,0.0015601659751037344
ought,0.0015601659751037344
seek,0.0015269709543568465
remain,0.0014937759336099586
cut,0.0014937759336099586
force,0.0014937759336099586
smile,0.0014937759336099586
observe,0.0014605809128630705
drop,0.0014605809128630705
offer,0.0014273858921161826
rush,0.0013941908713692947
repeat,0.0013941908713692947
expect,0.0013941908713692947
work,0.0013609958506224065
whisper,0.0013609958506224065
lift,0.0013609958506224065
be,0.0013278008298755186
step,0.0013278008298755186
pause,0.0013278008298755186
stay,0.0013278008298755186
bend,0.0012946058091286307
thank,0.0012946058091286307
pick,0.0012946058091286307
recognise,0.0012614107883817428
order,0.0012614107883817428
place,0.0012282157676348547
suffer,0.0012282157676348547
change,0.0012282157676348547
hand,0.0011950207468879668
fear,0.0011950207468879668
hope,0.001161825726141079
finish,0.001161825726141079
jump,0.001161825726141079
sink,0.0011286307053941908
succeed,0.0011286307053941908
drink,0.0011286307053941908
shoot,0.0011286307053941908
hurry,0.001095435684647303
need,0.001095435684647303
hate,0.001095435684647303
point,0.001095435684647303
escape,0.001095435684647303
remind,0.001062240663900415
remark,0.001062240663900415
tear,0.001062240663900415
spring,0.001062240663900415
teach,0.0010290456431535269
hide,0.0010290456431535269
consider,0.0010290456431535269
play,0.0010290456431535269
shut,0.0010290456431535269
cross,0.000995850622406639
allow,0.000995850622406639
fly,0.000995850622406639
murmur,0.0009626556016597511
marry,0.0009626556016597511
explain,0.0009626556016597511
fling,0.0009626556016597511
lean,0.0009294605809128631
promise,0.0009294605809128631
please,0.0009294605809128631
beat,0.0009294605809128631
decide,0.0009294605809128631
bow,0.0008962655601659751
spend,0.0008962655601659751
assure,0.0008962655601659751
hang,0.0008962655601659751
treat,0.0008962655601659751
sell,0.0008962655601659751
address,0.0008630705394190872
bid,0.0008630705394190872
fail,0.0008630705394190872
reckon,0.0008630705394190872
glance,0.0008630705394190872
fancy,0.0008298755186721991
wonder,0.0008298755186721991
recall,0.0008298755186721991
close,0.0008298755186721991
obey,0.0008298755186721991
stretch,0.0008298755186721991
suspect,0.0008298755186721991
buy,0.0008298755186721991
ride,0.0008298755186721991
choose,0.0007966804979253112
miss,0.0007966804979253112
can,0.0007966804979253112
drag,0.0007966804979253112
refuse,0.0007966804979253112
mind,0.0007966804979253112
fetch,0.0007966804979253112
push,0.0007966804979253112
stare,0.0007966804979253112
stir,0.0007634854771784232
care,0.0007634854771784232
join,0.0007634854771784232
dress,0.0007634854771784232
light,0.0007634854771784232
rest,0.0007634854771784232
judge,0.0007634854771784232
inquire,0.0007634854771784232
steal,0.0007302904564315352
gaze,0.0007302904564315352
will,0.0007302904564315352
discover,0.0007302904564315352
exclaim,0.0007302904564315352
manage,0.0007302904564315352
tie,0.0007302904564315352
hurt,0.0007302904564315352
warnt,0.0007302904564315352
serve,0.0006970954356846473
breathe,0.0006970954356846473
trust,0.0006970954356846473
bite,0.0006970954356846473
interrupt,0.0006970954356846473
awake,0.0006970954356846473
possess,0.0006639004149377593
win,0.0006639004149377593
dream,0.0006639004149377593
recognize,0.0006639004149377593
desire,0.0006639004149377593
behold,0.0006639004149377593
await,0.0006639004149377593
summon,0.0006639004149377593
nod,0.0006639004149377593
fill,0.0006639004149377593
disturb,0.0006639004149377593
slip,0.0006639004149377593
study,0.0006307053941908714
persuade,0.0006307053941908714
forgive,0.0006307053941908714
arrive,0.0006307053941908714
approach,0.0006307053941908714
declare,0.0006307053941908714
utter,0.0006307053941908714
bury,0.0005975103734439834
imagine,0.0005975103734439834
leap,0.0005975103734439834
inform,0.0005975103734439834
destroy,0.0005975103734439834
roll,0.0005975103734439834
crawl,0.0005975103734439834
hesitate,0.0005975103734439834
describe,0.0005643153526970954
stoop,0.0005643153526970954
wave,0.0005643153526970954
regard,0.0005643153526970954
murder,0.0005643153526970954
snatch,0.0005643153526970954
comfort,0.0005643153526970954
recover,0.0005643153526970954
command,0.0005643153526970954
intend,0.0005643153526970954
trouble,0.0005643153526970954
invite,0.0005643153526970954
may,0.0005311203319502075
tremble,0.0005311203319502075
betray,0.0005311203319502075
thrust,0.0005311203319502075
fight,0.0005311203319502075
demand,0.0005311203319502075
lock,0.0005311203319502075
rouse,0.0005311203319502075
urge,0.0005311203319502075
insist,0.0005311203319502075
disappear,0.0005311203319502075
kick,0.0005311203319502075
swear,0.0005311203319502075
dare,0.0005311203319502075
hug,0.0005311203319502075
happen,0.0005311203319502075
overtake,0.0005311203319502075
travel,0.0005311203319502075
face,0.0005311203319502075
suppose,0.0004979253112033195
greet,0.0004979253112033195
visit,0.0004979253112033195
roar,0.0004979253112033195
spare,0.0004979253112033195
deny,0.0004979253112033195
crush,0.0004979253112033195
pray,0.0004979253112033195
stick,0.0004979253112033195
cause,0.0004979253112033195
hit,0.0004979253112033195
whip,0.0004979253112033195
surround,0.00046473029045643153
proceed,0.00046473029045643153
climb,0.00046473029045643153
creep,0.00046473029045643153
admit,0.00046473029045643153
embrace,0.00046473029045643153
rub,0.00046473029045643153
deserve,0.00046473029045643153
round,0.00046473029045643153
blow,0.00046473029045643153
dread,0.00046473029045643153
sigh,0.00046473029045643153
dash,0.00046473029045643153
wander,0.00046473029045643153
realise,0.00046473029045643153
upset,0.00046473029045643153
hunt,0.00046473029045643153
overcome,0.00046473029045643153
eye,0.00046473029045643153
toss,0.00046473029045643153
search,0.00046473029045643153
cover,0.0004315352697095436
restore,0.0004315352697095436
endure,0.0004315352697095436
present,0.0004315352697095436
gain,0.0004315352697095436
struggle,0.0004315352697095436
dig,0.0004315352697095436
long,0.0004315352697095436
release,0.0004315352697095436
frighten,0.0004315352697095436
oblige,0.0004315352697095436
accompany,0.0004315352697095436
knock,0.0004315352697095436
introduce,0.0004315352697095436
settle,0.0004315352697095436
press,0.0004315352697095436
employ,0.0004315352697095436
mount,0.0004315352697095436
assist,0.0004315352697095436
sign,0.0004315352697095436
drown,0.0004315352697095436
sing,0.0004315352697095436
feed,0.0004315352697095436
affect,0.0004315352697095436
support,0.0003983402489626556
announce,0.0003983402489626556
examine,0.0003983402489626556
resolve,0.0003983402489626556
gather,0.0003983402489626556
startle,0.0003983402489626556
yield,0.0003983402489626556
avoid,0.0003983402489626556
warn,0.0003983402489626556
pursue,0.0003983402489626556
motion,0.0003983402489626556
attend,0.0003983402489626556
bind,0.0003983402489626556
own,0.0003983402489626556
cease,0.0003983402489626556
emerge,0.0003983402489626556
dart,0.0003983402489626556
swing,0.0003983402489626556
act,0.0003983402489626556
squeeze,0.0003983402489626556
entreat,0.0003983402489626556
worry,0.0003983402489626556
burn,0.0003651452282157676
slay,0.0003651452282157676
engage,0.0003651452282157676
haunt,0.0003651452282157676
express,0.0003651452282157676
question,0.0003651452282157676
chase,0.0003651452282157676
tempt,0.0003651452282157676
distinguish,0.0003651452282157676
pronounce,0.0003651452282157676
afford,0.0003651452282157676
experience,0.0003651452282157676
enable,0.0003651452282157676
agree,0.0003651452282157676
commence,0.0003651452282157676
confess,0.0003651452282157676
ring,0.0003651452282157676
reveal,0.0003651452282157676
hail,0.0003651452282157676
abandon,0.0003651452282157676
dance,0.0003651452282157676
admire,0.0003651452282157676
interest,0.0003651452282157676
blame,0.0003651452282157676
conceive,0.00033195020746887966
cast,0.00033195020746887966
injure,0.00033195020746887966
quit,0.00033195020746887966
fix,0.00033195020746887966
produce,0.00033195020746887966
attempt,0.00033195020746887966
withdraw,0.00033195020746887966
venture,0.00033195020746887966
pity,0.00033195020746887966
pour,0.00033195020746887966
commit,0.00033195020746887966
slide,0.00033195020746887966
rob,0.00033195020746887966
suggest,0.00033195020746887966
prevent,0.00033195020746887966
seat,0.00033195020746887966
prove,0.00033195020746887966
swallow,0.00033195020746887966
acquire,0.00033195020746887966
mark,0.00033195020746887966
must,0.00033195020746887966
flee,0.00033195020746887966
clutch,0.00033195020746887966
capture,0.00033195020746887966
build,0.00033195020746887966
pace,0.00033195020746887966
encounter,0.00033195020746887966
shudder,0.00033195020746887966
reproach,0.00033195020746887966
invent,0.00033195020746887966
collect,0.00033195020746887966
recollect,0.00033195020746887966
envy,0.00033195020746887966
bethink,0.0002987551867219917
remove,0.0002987551867219917
deem,0.0002987551867219917
clear,0.0002987551867219917
loathe,0.0002987551867219917
lend,0.0002987551867219917
depart,0.0002987551867219917
fasten,0.0002987551867219917
taste,0.0002987551867219917
direct,0.0002987551867219917
scold,0.0002987551867219917
hinder,0.0002987551867219917
brush,0.0002987551867219917
mention,0.0002987551867219917
attack,0.0002987551867219917
protect,0.0002987551867219917
sail,0.0002987551867219917
swim,0.0002987551867219917
obtain,0.0002987551867219917
belong,0.0002987551867219917
perceive,0.0002987551867219917
behave,0.0002987551867219917
bore,0.0002987551867219917
frown,0.0002987551867219917
realize,0.0002987551867219917
ruin,0.0002987551867219917
accomplish,0.0002987551867219917
stride,0.0002987551867219917
advise,0.0002987551867219917
occupy,0.0002987551867219917
punish,0.0002987551867219917
surprise,0.0002987551867219917
convey,0.00026556016597510375
sweep,0.00026556016597510375
share,0.00026556016597510375
compel,0.00026556016597510375
rejoin,0.00026556016597510375
encourage,0.00026556016597510375
torture,0.00026556016597510375
beckon,0.00026556016597510375
hurl,0.00026556016597510375
assume,0.00026556016597510375
confront,0.00026556016597510375
conduct,0.00026556016597510375
consent,0.00026556016597510375
deceive,0.00026556016597510375
satisfy,0.00026556016597510375
awaken,0.00026556016597510375
count,0.00026556016597510375
require,0.00026556016597510375
owe,0.00026556016597510375
slap,0.00026556016597510375
gasp,0.00026556016597510375
accuse,0.00026556016597510375
groan,0.00026556016597510375
bless,0.00026556016597510375
smell,0.00026556016597510375
wipe,0.00026556016597510375
furnish,0.00026556016597510375
steer,0.00026556016597510375
sound,0.00026556016597510375
despise,0.00026556016597510375
abuse,0.00026556016597510375
threaten,0.00026556016597510375
welcome,0.00026556016597510375
weep,0.00026556016597510375
faint,0.00026556016597510375
defend,0.00026556016597510375
respect,0.00026556016597510375
deal,0.00023236514522821577
convince,0.00023236514522821577
plead,0.00023236514522821577
shriek,0.00023236514522821577
rescue,0.00023236514522821577
spread,0.00023236514522821577
chance,0.00023236514522821577
establish,0.00023236514522821577
desert,0.00023236514522821577
implore,0.00023236514522821577
endeavour,0.00023236514522821577
peep,0.00023236514522821577
advance,0.00023236514522821577
mumble,0.00023236514522821577
salute,0.00023236514522821577
warm,0.00023236514522821577
vanish,0.00023236514522821577
procure,0.00023236514522821577
wound,0.00023236514522821577
choke,0.00023236514522821577
stammer,0.00023236514522821577
fit,0.00023236514522821577
adopt,0.00023236514522821577
guess,0.00023236514522821577
kneel,0.00023236514522821577
honour,0.00023236514522821577
grasp,0.00023236514522821577
charge,0.00023236514522821577
scan,0.00023236514522821577
concern,0.00023236514522821577
provide,0.00023236514522821577
burst,0.00023236514522821577
clothe,0.00023236514522821577
refer,0.00023236514522821577
stab,0.00023236514522821577
plan,0.00023236514522821577
retain,0.00023236514522821577
enjoy,0.00023236514522821577
worship,0.00023236514522821577
ponder,0.00023236514522821577
picture,0.00023236514522821577
annoy,0.00023236514522821577
shove,0.00023236514522821577
hasten,0.00023236514522821577
prefer,0.00023236514522821577
conclude,0.00023236514522821577
mistake,0.00023236514522821577
earn,0.00023236514522821577
soothe,0.00023236514522821577
accept,0.00023236514522821577
rely,0.00023236514522821577
hire,0.00023236514522821577
irritate,0.00023236514522821577
devour,0.0001991701244813278
ascend,0.0001991701244813278
achieve,0.0001991701244813278
torment,0.0001991701244813278
control,0.0001991701244813278
conceal,0.0001991701244813278
cure,0.0001991701244813278
strive,0.0001991701244813278
clasp,0.0001991701244813278
permit,0.0001991701244813278
secure,0.0001991701244813278
entitle,0.0001991701244813278
wash,0.0001991701244813278
prepare,0.0001991701244813278
imitate,0.0001991701244813278
name,0.0001991701244813278
dine,0.0001991701244813278
cheer,0.0001991701244813278
part,0.0001991701244813278
mix,0.0001991701244813278
exhaust,0.0001991701244813278
yell,0.0001991701244813278
paint,0.0001991701244813278
account,0.0001991701244813278
weaken,0.0001991701244813278
befriend,0.0001991701244813278
weigh,0.0001991701244813278
unlock,0.0001991701244813278
reel,0.0001991701244813278
comprehend,0.0001991701244813278
descend,0.0001991701244813278
prick,0.0001991701244813278
propose,0.0001991701244813278
heave,0.0001991701244813278
wrap,0.0001991701244813278
hoist,0.0001991701244813278
jerk,0.0001991701244813278
mock,0.0001991701244813278
claim,0.0001991701244813278
supply,0.0001991701244813278
fast,0.0001991701244813278
condemn,0.0001991701244813278
shrug,0.0001991701244813278
wince,0.0001991701244813278
resist,0.0001991701244813278
fascinate,0.0001991701244813278
shiver,0.0001991701244813278
determine,0.0001991701244813278
plunge,0.0001991701244813278
foresee,0.0001991701244813278
protest,0.0001991701244813278
pretend,0.0001991701244813278
offend,0.0001991701244813278
separate,0.0001991701244813278
form,0.0001991701244813278
identify,0.0001991701244813278
dislike,0.0001991701244813278
reflect,0.0001991701244813278
arrest,0.0001991701244813278
restrain,0.0001991701244813278
deprive,0.0001991701244813278
esteem,0.0001991701244813278
praise,0.0001991701244813278
rip,0.0001991701244813278
wink,0.0001991701244813278
aim,0.00016597510373443983
rule,0.00016597510373443983
cost,0.00016597510373443983
value,0.00016597510373443983
toil,0.00016597510373443983
befall,0.00016597510373443983
repel,0.00016597510373443983
oppose,0.00016597510373443983
lodge,0.00016597510373443983
impel,0.00016597510373443983
attach,0.00016597510373443983
reject,0.00016597510373443983
lack,0.00016597510373443983
exhibit,0.00016597510373443983
clap,0.00016597510373443983
deliver,0.00016597510373443983
relinquish,0.00016597510373443983
bother,0.00016597510373443983
sob,0.00016597510373443983
expose,0.00016597510373443983
distress,0.00016597510373443983
check,0.00016597510373443983
dip,0.00016597510373443983
fumble,0.00016597510373443983
smoke,0.00016597510373443983
chain,0.00016597510373443983
rave,0.00016597510373443983
consult,0.00016597510373443983
reassure,0.00016597510373443983
doubt,0.00016597510373443983
flourish,0.00016597510373443983
relapse,0.00016597510373443983
display,0.00016597510373443983
aid,0.00016597510373443983
suit,0.00016597510373443983
instruct,0.00016597510373443983
delay,0.00016597510373443983
suck,0.00016597510373443983
pluck,0.00016597510373443983
thunder,0.00016597510373443983
elude,0.00016597510373443983
shrink,0.00016597510373443983
measure,0.00016597510373443983
brood,0.00016597510373443983
free,0.00016597510373443983
assail,0.00016597510373443983
shoulder,0.00016597510373443983
spill,0.00016597510373443983
report,0.00016597510373443983
spoil,0.00016597510373443983
amuse,0.00016597510373443983
recommend,0.00016597510373443983
track,0.00016597510373443983
regret,0.00016597510373443983
devote,0.00016597510373443983
strangle,0.00016597510373443983
fire,0.00016597510373443983
lure,0.00016597510373443983
clean,0.00016597510373443983
curl,0.00016597510373443983
rummage,0.00016597510373443983
stumble,0.00016597510373443983
retire,0.00016597510373443983
stuff,0.00016597510373443983
pat,0.00016597510373443983
scratch,0.00016597510373443983
exchange,0.00016597510373443983
relieve,0.00016597510373443983
divide,0.00016597510373443983
excuse,0.00016597510373443983
correct,0.00016597510373443983
inherit,0.00016597510373443983
dismiss,0.00016597510373443983
denounce,0.00016597510373443983
scorn,0.00016597510373443983
prosper,0.00016597510373443983
linger,0.00016597510373443983
sentence,0.00016597510373443983
impress,0.00016597510373443983
attract,0.00016597510373443983
starve,0.00016597510373443983
tug,0.00016597510373443983
conquer,0.00016597510373443983
overwhelm,0.00016597510373443983
snore,0.00016597510373443983
disregard,0.00016597510373443983
perform,0.00016597510373443983
chop,0.00016597510373443983
dive,0.00016597510373443983
tire,0.00016597510373443983
risk,0.00016597510373443983
cheat,0.00016597510373443983
grant,0.00016597510373443983
scrutinise,0.00016597510373443983
rid,0.00013278008298755187
appoint,0.00013278008298755187
forthwith,0.00013278008298755187
tread,0.00013278008298755187
resume,0.00013278008298755187
request,0.00013278008298755187
confine,0.00013278008298755187
grope,0.00013278008298755187
discuss,0.00013278008298755187
discern,0.00013278008298755187
handle,0.00013278008298755187
repress,0.00013278008298755187
detect,0.00013278008298755187
bequeath,0.00013278008298755187
should,0.00013278008298755187
shed,0.00013278008298755187
soften,0.00013278008298755187
thrill,0.00013278008298755187
apply,0.00013278008298755187
dispose,0.00013278008298755187
snap,0.00013278008298755187
stagger,0.00013278008298755187
guard,0.00013278008298755187
pinch,0.00013278008298755187
calculate,0.00013278008298755187
precede,0.00013278008298755187
hobble,0.00013278008298755187
argue,0.00013278008298755187
nurse,0.00013278008298755187
bade,0.00013278008298755187
master,0.00013278008298755187
influence,0.00013278008298755187
back,0.00013278008298755187
defeat,0.00013278008298755187
tumble,0.00013278008298755187
perish,0.00013278008298755187
land,0.00013278008298755187
comply,0.00013278008298755187
march,0.00013278008298755187
screw,0.00013278008298755187
incline,0.00013278008298755187
abstain,0.00013278008298755187
forbid,0.00013278008298755187
arise,0.00013278008298755187
spout,0.00013278008298755187
smite,0.00013278008298755187
preserve,0.00013278008298755187
contribute,0.00013278008298755187
float,0.00013278008298755187
doze,0.00013278008298755187
strain,0.00013278008298755187
haul,0.00013278008298755187
issue,0.00013278008298755187
render,0.00013278008298755187
seal,0.00013278008298755187
dodge,0.00013278008298755187
insult,0.00013278008298755187
wheel,0.00013278008298755187
spy,0.00013278008298755187
waste,0.00013278008298755187
rock,0.00013278008298755187
caress,0.00013278008298755187
speed,0.00013278008298755187
alter,0.00013278008298755187
end,0.00013278008298755187
refresh,0.00013278008298755187
curse,0.00013278008298755187
adore,0.00013278008298755187
straighten,0.00013278008298755187
falter,0.00013278008298755187
chuckle,0.00013278008298755187
drift,0.00013278008298755187
borrow,0.00013278008298755187
reap,0.00013278008298755187
smooth,0.00013278008298755187
fold,0.00013278008298755187
indulge,0.00013278008298755187
repay,0.00013278008298755187
approve,0.00013278008298755187
singe,0.00013278008298755187
shave,0.00013278008298755187
blurt,0.00013278008298755187
trot,0.00013278008298755187
represent,0.00013278008298755187
survey,0.00013278008298755187
compose,0.00013278008298755187
oppress,0.00013278008298755187
grumble,0.00013278008298755187
beseech,0.00013278008298755187
crouch,0.00013278008298755187
reduce,0.00013278008298755187
confound,0.00013278008298755187
bleed,0.00013278008298755187
entertain,0.00013278008298755187
skip,0.00013278008298755187
hop,0.00013278008298755187
lynch,0.00013278008298755187
bust,0.00013278008298755187
grab,0.00013278008298755187
last,0.00013278008298755187
delight,0.00013278008298755187
tap,0.00013278008298755187
agitate,0.00013278008298755187
scream,0.00013278008298755187
grieve,0.00013278008298755187
rap,0.00013278008298755187
withhold,9.95850622406639e-05
term,9.95850622406639e-05
exist,9.95850622406639e-05
exhort,9.95850622406639e-05
endeavor,9.95850622406639e-05
behoove,9.95850622406639e-05
dwell,9.95850622406639e-05
hath,9.95850622406639e-05
marvel,9.95850622406639e-05
arouse,9.95850622406639e-05
dog,9.95850622406639e-05
glorify,9.95850622406639e-05
hint,9.95850622406639e-05
astonish,9.95850622406639e-05
bestow,9.95850622406639e-05
beheld,9.95850622406639e-05
extend,9.95850622406639e-05
wither,9.95850622406639e-05
overhear,9.95850622406639e-05
scramble,9.95850622406639e-05
retort,9.95850622406639e-05
pledge,9.95850622406639e-05
recoil,9.95850622406639e-05
recompense,9.95850622406639e-05
punch,9.95850622406639e-05
lash,9.95850622406639e-05
pet,9.95850622406639e-05
triumph,9.95850622406639e-05
mislead,9.95850622406639e-05
bully,9.95850622406639e-05
nudge,9.95850622406639e-05
excite,9.95850622406639e-05
adjust,9.95850622406639e-05
recruit,9.95850622406639e-05
wet,9.95850622406639e-05
coax,9.95850622406639e-05
saw,9.95850622406639e-05
flash,9.95850622406639e-05
stamp,9.95850622406639e-05
improve,9.95850622406639e-05
wrong,9.95850622406639e-05
heed,9.95850622406639e-05
puzzle,9.95850622406639e-05
cower,9.95850622406639e-05
shall,9.95850622406639e-05
scatter,9.95850622406639e-05
baffle,9.95850622406639e-05
hypnotise,9.95850622406639e-05
kindle,9.95850622406639e-05
boast,9.95850622406639e-05
reside,9.95850622406639e-05
whistle,9.95850622406639e-05
spit,9.95850622406639e-05
hum,9.95850622406639e-05
maintain,9.95850622406639e-05
state,9.95850622406639e-05
attain,9.95850622406639e-05
derive,9.95850622406639e-05
provoke,9.95850622406639e-05
enlarge,9.95850622406639e-05
heap,9.95850622406639e-05
inhale,9.95850622406639e-05
fain,9.95850622406639e-05
invest,9.95850622406639e-05
boil,9.95850622406639e-05
sway,9.95850622406639e-05
perch,9.95850622406639e-05
lower,9.95850622406639e-05
board,9.95850622406639e-05
waken,9.95850622406639e-05
tuck,9.95850622406639e-05
define,9.95850622406639e-05
narrate,9.95850622406639e-05
growl,9.95850622406639e-05
coil,9.95850622406639e-05
depress,9.95850622406639e-05
accost,9.95850622406639e-05
near,9.95850622406639e-05
peer,9.95850622406639e-05
tow,9.95850622406639e-05
decline,9.95850622406639e-05
consume,9.95850622406639e-05
halt,9.95850622406639e-05
head,9.95850622406639e-05
unbutton,9.95850622406639e-05
forge,9.95850622406639e-05
reserve,9.95850622406639e-05
allude,9.95850622406639e-05
strove,9.95850622406639e-05
cling,9.95850622406639e-05
terrify,9.95850622406639e-05
fle,9.95850622406639e-05
copy,9.95850622406639e-05
investigate,9.95850622406639e-05
exercise,9.95850622406639e-05
absorb,9.95850622406639e-05
gnaw,9.95850622406639e-05
stroll,9.95850622406639e-05
unbar,9.95850622406639e-05
undertake,9.95850622406639e-05
overwork,9.95850622406639e-05
lounge,9.95850622406639e-05
glare,9.95850622406639e-05
grip,9.95850622406639e-05
snarl,9.95850622406639e-05
glide,9.95850622406639e-05
wind,9.95850622406639e-05
subject,9.95850622406639e-05
humble,9.95850622406639e-05
cherish,9.95850622406639e-05
betake,9.95850622406639e-05
wrestle,9.95850622406639e-05
discharge,9.95850622406639e-05
relate,9.95850622406639e-05
inspire,9.95850622406639e-05
stalk,9.95850622406639e-05
concentrate,9.95850622406639e-05
trace,9.95850622406639e-05
lapse,9.95850622406639e-05
respond,9.95850622406639e-05
encompass,9.95850622406639e-05
resemble,9.95850622406639e-05
station,9.95850622406639e-05
execute,9.95850622406639e-05
overlook,9.95850622406639e-05
sustain,9.95850622406639e-05
calm,9.95850622406639e-05
perplex,9.95850622406639e-05
signal,9.95850622406639e-05
cough,9.95850622406639e-05
glimpse,9.95850622406639e-05
sally,9.95850622406639e-05
neglect,9.95850622406639e-05
excel,9.95850622406639e-05
converse,9.95850622406639e-05
bullyrag,9.95850622406639e-05
jail,9.95850622406639e-05
outrun,9.95850622406639e-05
drownde,9.95850622406639e-05
low,9.95850622406639e-05
wuz,9.95850622406639e-05
git,9.95850622406639e-05
cipher,9.95850622406639e-05
moan,9.95850622406639e-05
empty,9.95850622406639e-05
haint,9.95850622406639e-05
grind,9.95850622406639e-05
journey,9.95850622406639e-05
scrape,9.95850622406639e-05
scowl,9.95850622406639e-05
undress,9.95850622406639e-05
overtook,9.95850622406639e-05
exaggerate,9.95850622406639e-05
blind,9.95850622406639e-05
ferry,9.95850622406639e-05
clamber,9.95850622406639e-05
croak,9.95850622406639e-05
trick,9.95850622406639e-05
gnash,9.95850622406639e-05
claw,9.95850622406639e-05
grapple,9.95850622406639e-05
gratify,9.95850622406639e-05
mend,9.95850622406639e-05
expatiate,6.639004149377594e-05
smack,6.639004149377594e-05
betwixt,6.639004149377594e-05
compress,6.639004149377594e-05
acquaint,6.639004149377594e-05
manifest,6.639004149377594e-05
select,6.639004149377594e-05
reverence,6.639004149377594e-05
typify,6.639004149377594e-05
preach,6.639004149377594e-05
appeal,6.639004149377594e-05
view,6.639004149377594e-05
hem,6.639004149377594e-05
sin,6.639004149377594e-05
avail,6.639004149377594e-05
forbear,6.639004149377594e-05
uphold,6.639004149377594e-05
constrain,6.639004149377594e-05
extract,6.639004149377594e-05
pinion,6.639004149377594e-05
scale,6.639004149377594e-05
despoil,6.639004149377594e-05
favour,6.639004149377594e-05
cultivate,6.639004149377594e-05
revolve,6.639004149377594e-05
relent,6.639004149377594e-05
reconcile,6.639004149377594e-05
repulse,6.639004149377594e-05
feign,6.639004149377594e-05
forestall,6.639004149377594e-05
brook,6.639004149377594e-05
wring,6.639004149377594e-05
labour,6.639004149377594e-05
disgust,6.639004149377594e-05
test,6.639004149377594e-05
cage,6.639004149377594e-05
swoon,6.639004149377594e-05
humour,6.639004149377594e-05
rate,6.639004149377594e-05
harm,6.639004149377594e-05
ease,6.639004149377594e-05
enlighten,6.639004149377594e-05
crowd,6.639004149377594e-05
fool,6.639004149377594e-05
dry,6.639004149377594e-05
fatten,6.639004149377594e-05
gloat,6.639004149377594e-05
gulp,6.639004149377594e-05
brighten,6.639004149377594e-05
undergo,6.639004149377594e-05
sneer,6.639004149377594e-05
flick,6.639004149377594e-05
essay,6.639004149377594e-05
experiment,6.639004149377594e-05
purchase,6.639004149377594e-05
bolt,6.639004149377594e-05
infect,6.639004149377594e-05
arrange,6.639004149377594e-05
loose,6.639004149377594e-05
blot,6.639004149377594e-05
deign,6.639004149377594e-05
parry,6.639004149377594e-05
rear,6.639004149377594e-05
refrain,6.639004149377594e-05
puff,6.639004149377594e-05
conjure,6.639004149377594e-05
don,6.639004149377594e-05
rally,6.639004149377594e-05
spake,6.639004149377594e-05
paddle,6.639004149377594e-05
unfit,6.639004149377594e-05
twitch,6.639004149377594e-05
spose,6.639004149377594e-05
preside,6.639004149377594e-05
charm,6.639004149377594e-05
designate,6.639004149377594e-05
exact,6.639004149377594e-05
carve,6.639004149377594e-05
fantail,6.639004149377594e-05
lord,6.639004149377594e-05
transport,6.639004149377594e-05
pile,6.639004149377594e-05
lace,6.639004149377594e-05
create,6.639004149377594e-05
load,6.639004149377594e-05
evince,6.639004149377594e-05
wedge,6.639004149377594e-05
topple,6.639004149377594e-05
administer,6.639004149377594e-05
gocut,6.639004149377594e-05
sting,6.639004149377594e-05
beach,6.639004149377594e-05
publish,6.639004149377594e-05
assign,6.639004149377594e-05
elevate,6.639004149377594e-05
hook,6.639004149377594e-05
collar,6.639004149377594e-05
pitch,6.639004149377594e-05
blast,6.639004149377594e-05
duck,6.639004149377594e-05
sneak,6.639004149377594e-05
jam,6.639004149377594e-05
aver,6.639004149377594e-05
swell,6.639004149377594e-05
harpoon,6.639004149377594e-05
alarm,6.639004149377594e-05
time,6.639004149377594e-05
dissect,6.639004149377594e-05
presume,6.639004149377594e-05
churn,6.639004149377594e-05
shun,6.639004149377594e-05
vow,6.639004149377594e-05
breast,6.639004149377594e-05
suspend,6.639004149377594e-05
beget,6.639004149377594e-05
spin,6.639004149377594e-05
digest,6.639004149377594e-05
weave,6.639004149377594e-05
magnify,6.639004149377594e-05
degenerate,6.639004149377594e-05
figure,6.639004149377594e-05
shift,6.639004149377594e-05
madden,6.639004149377594e-05
soar,6.639004149377594e-05
flatter,6.639004149377594e-05
sum,6.639004149377594e-05
publicpaid,6.639004149377594e-05
enthral,6.639004149377594e-05
detest,6.639004149377594e-05
enrage,6.639004149377594e-05
connect,6.639004149377594e-05
flush,6.639004149377594e-05
escort,6.639004149377594e-05
loiter,6.639004149377594e-05
disappoint,6.639004149377594e-05
scribble,6.639004149377594e-05
fondle,6.639004149377594e-05
associate,6.639004149377594e-05
christen,6.639004149377594e-05
dominate,6.639004149377594e-05
forgave,6.639004149377594e-05
note,6.639004149377594e-05
persist,6.639004149377594e-05
secrete,6.639004149377594e-05
object,6.639004149377594e-05
intrust,6.639004149377594e-05
here,6.639004149377594e-05
quote,6.639004149377594e-05
unravel,6.639004149377594e-05
screen,6.639004149377594e-05
brave,6.639004149377594e-05
shuffle,6.639004149377594e-05
communicate,6.639004149377594e-05
fathom,6.639004149377594e-05
construct,6.639004149377594e-05
advertise,6.639004149377594e-05
anoint,6.639004149377594e-05
solder,6.639004149377594e-05
include,6.639004149377594e-05
brace,6.639004149377594e-05
avert,6.639004149377594e-05
joke,6.639004149377594e-05
unite,6.639004149377594e-05
replace,6.639004149377594e-05
shock,6.639004149377594e-05
rage,6.639004149377594e-05
resent,6.639004149377594e-05
flip,6.639004149377594e-05
dispense,6.639004149377594e-05
slow,6.639004149377594e-05
unroll,6.639004149377594e-05
explode,6.639004149377594e-05
scare,6.639004149377594e-05
acknowledge,6.639004149377594e-05
distract,6.639004149377594e-05
cook,6.639004149377594e-05
fan,6.639004149377594e-05
resort,6.639004149377594e-05
review,6.639004149377594e-05
ruffle,6.639004149377594e-05
diminish,6.639004149377594e-05
behove,6.639004149377594e-05
shine,6.639004149377594e-05
scour,6.639004149377594e-05
trip,6.639004149377594e-05
confide,6.639004149377594e-05
register,6.639004149377594e-05
induce,6.639004149377594e-05
harass,6.639004149377594e-05
yearn,6.639004149377594e-05
despatch,6.639004149377594e-05
strengthen,6.639004149377594e-05
reason,6.639004149377594e-05
repudiate,6.639004149377594e-05
astound,6.639004149377594e-05
resign,6.639004149377594e-05
rend,6.639004149377594e-05
misdoubte,6.639004149377594e-05
echo,6.639004149377594e-05
harness,6.639004149377594e-05
stain,6.639004149377594e-05
confirm,6.639004149377594e-05
stimulate,6.639004149377594e-05
divine,6.639004149377594e-05
sacrifice,6.639004149377594e-05
undeceive,6.639004149377594e-05
regain,6.639004149377594e-05
lurch,6.639004149377594e-05
captivate,6.639004149377594e-05
whack,6.639004149377594e-05
fidget,6.639004149377594e-05
yawn,6.639004149377594e-05
sweat,6.639004149377594e-05
rattle,6.639004149377594e-05
meditate,6.639004149377594e-05
recite,6.639004149377594e-05
recur,6.639004149377594e-05
dedicate,6.639004149377594e-05
interpret,6.639004149377594e-05
aggrandize,6.639004149377594e-05
overthrow,6.639004149377594e-05
pounce,6.639004149377594e-05
anticipate,6.639004149377594e-05
assemble,6.639004149377594e-05
route,6.639004149377594e-05
inflict,6.639004149377594e-05
arm,6.639004149377594e-05
accustom,6.639004149377594e-05
survive,6.639004149377594e-05
revere,6.639004149377594e-05
conspire,6.639004149377594e-05
elect,6.639004149377594e-05
ally,6.639004149377594e-05
enrich,6.639004149377594e-05
undo,6.639004149377594e-05
deviate,6.639004149377594e-05
besiege,6.639004149377594e-05
post,6.639004149377594e-05
anger,6.639004149377594e-05
contemplate,6.639004149377594e-05
fell,6.639004149377594e-05
tickle,6.639004149377594e-05
discontent,6.639004149377594e-05
skin,6.639004149377594e-05
petition,6.639004149377594e-05
tax,6.639004149377594e-05
bout,6.639004149377594e-05
split,6.639004149377594e-05
spec,6.639004149377594e-05
polish,6.639004149377594e-05
bet,6.639004149377594e-05
gwyne,6.639004149377594e-05
line,6.639004149377594e-05
howl,6.639004149377594e-05
sass,6.639004149377594e-05
cuss,6.639004149377594e-05
nail,6.639004149377594e-05
hunch,6.639004149377594e-05
rot,6.639004149377594e-05
suspicione,6.639004149377594e-05
stump,6.639004149377594e-05
whirl,6.639004149377594e-05
waylay,6.639004149377594e-05
pester,6.639004149377594e-05
jis,6.639004149377594e-05
clip,6.639004149377594e-05
cleave,6.639004149377594e-05
labor,6.639004149377594e-05
complain,6.639004149377594e-05
appreciate,6.639004149377594e-05
jeer,6.639004149377594e-05
button,6.639004149377594e-05
thrash,6.639004149377594e-05
sew,6.639004149377594e-05
spite,6.639004149377594e-05
bawl,6.639004149377594e-05
destine,6.639004149377594e-05
clench,6.639004149377594e-05
pawn,6.639004149377594e-05
articulate,6.639004149377594e-05
criticise,6.639004149377594e-05
blush,6.639004149377594e-05
amass,6.639004149377594e-05
preoccupy,6.639004149377594e-05
quarrel,6.639004149377594e-05
stifle,6.639004149377594e-05
confuse,6.639004149377594e-05
repent,6.639004149377594e-05
cool,6.639004149377594e-05
vex,6.639004149377594e-05
guide,6.639004149377594e-05
age,6.639004149377594e-05
sense,6.639004149377594e-05
humiliate,6.639004149377594e-05
jog,6.639004149377594e-05
roam,6.639004149377594e-05
inspect,6.639004149377594e-05
hew,6.639004149377594e-05
sniff,6.639004149377594e-05
foretell,6.639004149377594e-05
crown,6.639004149377594e-05
doctor,6.639004149377594e-05
fare,6.639004149377594e-05
gallop,6.639004149377594e-05
pound,6.639004149377594e-05
tick,6.639004149377594e-05
pipe,6.639004149377594e-05
personate,6.639004149377594e-05
awitche,6.639004149377594e-05
mope,6.639004149377594e-05
scrub,6.639004149377594e-05
lick,6.639004149377594e-05
pant,6.639004149377594e-05
spank,6.639004149377594e-05
bark,6.639004149377594e-05
keelhaul,6.639004149377594e-05
adjudge,3.319502074688797e-05
disclaim,3.319502074688797e-05
posses,3.319502074688797e-05
grassplot,3.319502074688797e-05
exclude,3.319502074688797e-05
usher,3.319502074688797e-05
mingle,3.319502074688797e-05
consign,3.319502074688797e-05
avow,3.319502074688797e-05
testify,3.319502074688797e-05
hurrieth,3.319502074688797e-05
defile,3.319502074688797e-05
delude,3.319502074688797e-05
analyze,3.319502074688797e-05
suffice,3.319502074688797e-05
meetest,3.319502074688797e-05
characterize,3.319502074688797e-05
bestrew,3.319502074688797e-05
hast,3.319502074688797e-05
violate,3.319502074688797e-05
buoy,3.319502074688797e-05
transgress,3.319502074688797e-05
expiate,3.319502074688797e-05
chatter,3.319502074688797e-05
wilt,3.319502074688797e-05
incite,3.319502074688797e-05
reverend,3.319502074688797e-05
career,3.319502074688797e-05
uplift,3.319502074688797e-05
yonder,3.319502074688797e-05
eloquent,3.319502074688797e-05
feeblyand,3.319502074688797e-05
outby,3.319502074688797e-05
ice,3.319502074688797e-05
chill,3.319502074688797e-05
replenish,3.319502074688797e-05
heat,3.319502074688797e-05
poke,3.319502074688797e-05
fine,3.319502074688797e-05
regale,3.319502074688797e-05
pelt,3.319502074688797e-05
rejoice,3.319502074688797e-05
corroborate,3.319502074688797e-05
accommodate,3.319502074688797e-05
pocket,3.319502074688797e-05
deliberate,3.319502074688797e-05
rail,3.319502074688797e-05
frisk,3.319502074688797e-05
sneezesHe,3.319502074688797e-05
unfold,3.319502074688797e-05
obstruct,3.319502074688797e-05
sheer,3.319502074688797e-05
countermand,3.319502074688797e-05
school,3.319502074688797e-05
outargue,3.319502074688797e-05
hap,3.319502074688797e-05
wasan,3.319502074688797e-05
acquiesce,3.319502074688797e-05
jot,3.319502074688797e-05
focusse,3.319502074688797e-05
fawn,3.319502074688797e-05
shelter,3.319502074688797e-05
redouble,3.319502074688797e-05
sprout,3.319502074688797e-05
enjealous,3.319502074688797e-05
beso,3.319502074688797e-05
knewthat,3.319502074688797e-05
patrol,3.319502074688797e-05
content,3.319502074688797e-05
flap,3.319502074688797e-05
lunch,3.319502074688797e-05
mystify,3.319502074688797e-05
unmask,3.319502074688797e-05
attribute,3.319502074688797e-05
crumble,3.319502074688797e-05
grimace,3.319502074688797e-05
probe,3.319502074688797e-05
ste,3.319502074688797e-05
transform,3.319502074688797e-05
list,3.319502074688797e-05
afflict,3.319502074688797e-05
limit,3.319502074688797e-05
caution,3.319502074688797e-05
appraise,3.319502074688797e-05
deposit,3.319502074688797e-05
distribute,3.319502074688797e-05
elpe,3.319502074688797e-05
kem,3.319502074688797e-05
disconcert,3.319502074688797e-05
selfcontrol,3.319502074688797e-05
melt,3.319502074688797e-05
banquet,3.319502074688797e-05
horrify,3.319502074688797e-05
tide,3.319502074688797e-05
progress,3.319502074688797e-05
suppresshe,3.319502074688797e-05
wouldunles,3.319502074688797e-05
intrude,3.319502074688797e-05
telegraph,3.319502074688797e-05
defame,3.319502074688797e-05
disagree,3.319502074688797e-05
whet,3.319502074688797e-05
classify,3.319502074688797e-05
beconfined,3.319502074688797e-05
wreck,3.319502074688797e-05
engulf,3.319502074688797e-05
reincarnate,3.319502074688797e-05
shop,3.319502074688797e-05
banish,3.319502074688797e-05
complete,3.319502074688797e-05
dust,3.319502074688797e-05
tis,3.319502074688797e-05
plug,3.319502074688797e-05
grin,3.319502074688797e-05
skylark,3.319502074688797e-05
eschew,3.319502074688797e-05
signify,3.319502074688797e-05
skulk,3.319502074688797e-05
thrice,3.319502074688797e-05
mob,3.319502074688797e-05
criesand,3.319502074688797e-05
silence,3.319502074688797e-05
nourish,3.319502074688797e-05
mimic,3.319502074688797e-05
twist,3.319502074688797e-05
assert,3.319502074688797e-05
addedcome,3.319502074688797e-05
whale,3.319502074688797e-05
thee,3.319502074688797e-05
isa,3.319502074688797e-05
convert,3.319502074688797e-05
baptize,3.319502074688797e-05
involve,3.319502074688797e-05
pilot,3.319502074688797e-05
yespre,3.319502074688797e-05
append,3.319502074688797e-05
amount,3.319502074688797e-05
affront,3.319502074688797e-05
proclaim,3.319502074688797e-05
contradict,3.319502074688797e-05
dismaste,3.319502074688797e-05
ship,3.319502074688797e-05
soliloquize,3.319502074688797e-05
label,3.319502074688797e-05
class,3.319502074688797e-05
flog,3.319502074688797e-05
buckle,3.319502074688797e-05
differ,3.319502074688797e-05
streak,3.319502074688797e-05
incorporate,3.319502074688797e-05
rank,3.319502074688797e-05
mask,3.319502074688797e-05
accelerate,3.319502074688797e-05
scalp,3.319502074688797e-05
ignore,3.319502074688797e-05
task,3.319502074688797e-05
snort,3.319502074688797e-05
brim,3.319502074688797e-05
drill,3.319502074688797e-05
breed,3.319502074688797e-05
stem,3.319502074688797e-05
pit,3.319502074688797e-05
troop,3.319502074688797e-05
tranquillize,3.319502074688797e-05
reveriestallie,3.319502074688797e-05
stave,3.319502074688797e-05
shipwreck,3.319502074688797e-05
substantiate,3.319502074688797e-05
multiply,3.319502074688797e-05
disintegrate,3.319502074688797e-05
ignite,3.319502074688797e-05
disable,3.319502074688797e-05
solicit,3.319502074688797e-05
hailedAhoy,3.319502074688797e-05
gag,3.319502074688797e-05
anchor,3.319502074688797e-05
honor,3.319502074688797e-05
disgorge,3.319502074688797e-05
circumstance,3.319502074688797e-05
brew,3.319502074688797e-05
slice,3.319502074688797e-05
behead,3.319502074688797e-05
envelop,3.319502074688797e-05
nurture,3.319502074688797e-05
foreannounce,3.319502074688797e-05
flank,3.319502074688797e-05
swap,3.319502074688797e-05
dispirit,3.319502074688797e-05
deify,3.319502074688797e-05
inlay,3.319502074688797e-05
slew,3.319502074688797e-05
overgrow,3.319502074688797e-05
retard,3.319502074688797e-05
sle,3.319502074688797e-05
yaw,3.319502074688797e-05
laugheth,3.319502074688797e-05
disclose,3.319502074688797e-05
vomit,3.319502074688797e-05
level,3.319502074688797e-05
rumble,3.319502074688797e-05
curve,3.319502074688797e-05
bethought,3.319502074688797e-05
hamstre,3.319502074688797e-05
insinuate,3.319502074688797e-05
inculcate,3.319502074688797e-05
institute,3.319502074688797e-05
award,3.319502074688797e-05
sayshand,3.319502074688797e-05
mould,3.319502074688797e-05
diddle,3.319502074688797e-05
entrap,3.319502074688797e-05
enliven,3.319502074688797e-05
twig,3.319502074688797e-05
luff,3.319502074688797e-05
compare,3.319502074688797e-05
sawst,3.319502074688797e-05
deafen,3.319502074688797e-05
outweigh,3.319502074688797e-05
exterminate,3.319502074688797e-05
enact,3.319502074688797e-05
tutor,3.319502074688797e-05
meanwhat,3.319502074688797e-05
wax,3.319502074688797e-05
marshal,3.319502074688797e-05
snuff,3.319502074688797e-05
weld,3.319502074688797e-05
hammer,3.319502074688797e-05
scorch,3.319502074688797e-05
extinguish,3.319502074688797e-05
mistrust,3.319502074688797e-05
fish,3.319502074688797e-05
baulk,3.319502074688797e-05
beware,3.319502074688797e-05
lookspale,3.319502074688797e-05
initiate,3.319502074688797e-05
onceseen,3.319502074688797e-05
rib,3.319502074688797e-05
rig,3.319502074688797e-05
encircle,3.319502074688797e-05
succor,3.319502074688797e-05
whelm,3.319502074688797e-05
ladle,3.319502074688797e-05
couldin,3.319502074688797e-05
halfhung,3.319502074688797e-05
swamp,3.319502074688797e-05
oversaile,3.319502074688797e-05
seekest,3.319502074688797e-05
halfwrappe,3.319502074688797e-05
mirror,3.319502074688797e-05
doesafraid,3.319502074688797e-05
murmuredor,3.319502074688797e-05
poach,3.319502074688797e-05
goodlooke,3.319502074688797e-05
sulk,3.319502074688797e-05
bareheade,3.319502074688797e-05
assent,3.319502074688797e-05
remake,3.319502074688797e-05
wed,3.319502074688797e-05
decorate,3.319502074688797e-05
mar,3.319502074688797e-05
purify,3.319502074688797e-05
shield,3.319502074688797e-05
weary,3.319502074688797e-05
store,3.319502074688797e-05
taunt,3.319502074688797e-05
distrust,3.319502074688797e-05
blackball,3.319502074688797e-05
consort,3.319502074688797e-05
sicken,3.319502074688797e-05
shortsighte,3.319502074688797e-05
guffaw,3.319502074688797e-05
atone,3.319502074688797e-05
bathe,3.319502074688797e-05
prisone,3.319502074688797e-05
loosen,3.319502074688797e-05
tarnish,3.319502074688797e-05
cleanse,3.319502074688797e-05
burden,3.319502074688797e-05
slander,3.319502074688797e-05
rank.clappe,3.319502074688797e-05
appease,3.319502074688797e-05
disentangle,3.319502074688797e-05
redheade,3.319502074688797e-05
chaff,3.319502074688797e-05
disguise,3.319502074688797e-05
expire,3.319502074688797e-05
single,3.319502074688797e-05
evolve,3.319502074688797e-05
goad,3.319502074688797e-05
decoy,3.319502074688797e-05
drench,3.319502074688797e-05
incriminate,3.319502074688797e-05
accumulate,3.319502074688797e-05
galvanise,3.319502074688797e-05
adapt,3.319502074688797e-05
cripple,3.319502074688797e-05
sketch,3.319502074688797e-05
squat,3.319502074688797e-05
train,3.319502074688797e-05
unwind,3.319502074688797e-05
unpack,3.319502074688797e-05
dissatisfy,3.319502074688797e-05
chuck,3.319502074688797e-05
misjudge,3.319502074688797e-05
overdo,3.319502074688797e-05
writhe,3.319502074688797e-05
deform,3.319502074688797e-05
debate,3.319502074688797e-05
trifle,3.319502074688797e-05
club,3.319502074688797e-05
trample,3.319502074688797e-05
depend,3.319502074688797e-05
photograph,3.319502074688797e-05
scarce,3.319502074688797e-05
compound,3.319502074688797e-05
depose,3.319502074688797e-05
confer,3.319502074688797e-05
telephone,3.319502074688797e-05
tank,3.319502074688797e-05
enjoin,3.319502074688797e-05
balance,3.319502074688797e-05
aspire,3.319502074688797e-05
glow,3.319502074688797e-05
revalue,3.319502074688797e-05
coast,3.319502074688797e-05
slam,3.319502074688797e-05
bum,3.319502074688797e-05
lookedand,3.319502074688797e-05
whimper,3.319502074688797e-05
trade,3.319502074688797e-05
flinch,3.319502074688797e-05
pump,3.319502074688797e-05
cock,3.319502074688797e-05
muffle,3.319502074688797e-05
admonish,3.319502074688797e-05
discompose,3.319502074688797e-05
spirit,3.319502074688797e-05
transfer,3.319502074688797e-05
refolde,3.319502074688797e-05
curtain,3.319502074688797e-05
overlay,3.319502074688797e-05
spile,3.319502074688797e-05
selfpossesse,3.319502074688797e-05
malign,3.319502074688797e-05
knuckle,3.319502074688797e-05
releasedcongratulate,3.319502074688797e-05
overcloud,3.319502074688797e-05
Come,3.319502074688797e-05
precipitate,3.319502074688797e-05
vaunt,3.319502074688797e-05
fade,3.319502074688797e-05
steep,3.319502074688797e-05
project,3.319502074688797e-05
overshadow,3.319502074688797e-05
unshade,3.319502074688797e-05
disobey,3.319502074688797e-05
hunger,3.319502074688797e-05
contend,3.319502074688797e-05
spelt,3.319502074688797e-05
whiff,3.319502074688797e-05
bode,3.319502074688797e-05
detain,3.319502074688797e-05
prevail,3.319502074688797e-05
profess,3.319502074688797e-05
naturalaske,3.319502074688797e-05
goas,3.319502074688797e-05
dissolve,3.319502074688797e-05
believebut,3.319502074688797e-05
impeach,3.319502074688797e-05
imprison,3.319502074688797e-05
resolute,3.319502074688797e-05
remit,3.319502074688797e-05
isolate,3.319502074688797e-05
foreshadow,3.319502074688797e-05
conspicuousgave,3.319502074688797e-05
detach,3.319502074688797e-05
hazard,3.319502074688797e-05
ascertain,3.319502074688797e-05
strew,3.319502074688797e-05
remonstrate,3.319502074688797e-05
demean,3.319502074688797e-05
ail,3.319502074688797e-05
adjure,3.319502074688797e-05
tend,3.319502074688797e-05
commend,3.319502074688797e-05
apprise,3.319502074688797e-05
dictate,3.319502074688797e-05
reclaim,3.319502074688797e-05
profit,3.319502074688797e-05
disown,3.319502074688797e-05
peel,3.319502074688797e-05
suppress,3.319502074688797e-05
limp,3.319502074688797e-05
scurry,3.319502074688797e-05
incarcerate,3.319502074688797e-05
bombard,3.319502074688797e-05
importune,3.319502074688797e-05
dissuade,3.319502074688797e-05
thunderstruck,3.319502074688797e-05
develop,3.319502074688797e-05
lap,3.319502074688797e-05
bar,3.319502074688797e-05
riot,3.319502074688797e-05
originate,3.319502074688797e-05
estimate,3.319502074688797e-05
screech,3.319502074688797e-05
wouldthough,3.319502074688797e-05
exasperate,3.319502074688797e-05
squint,3.319502074688797e-05
file,3.319502074688797e-05
sport,3.319502074688797e-05
tip,3.319502074688797e-05
gabble,3.319502074688797e-05
thumb,3.319502074688797e-05
abscond,3.319502074688797e-05
raid,3.319502074688797e-05
rustle,3.319502074688797e-05
emit,3.319502074688797e-05
exult,3.319502074688797e-05
rehearse,3.319502074688797e-05
invoke,3.319502074688797e-05
electrify,3.319502074688797e-05
wield,3.319502074688797e-05
cite,3.319502074688797e-05
decree,3.319502074688797e-05
depict,3.319502074688797e-05
increase,3.319502074688797e-05
reward,3.319502074688797e-05
desist,3.319502074688797e-05
promote,3.319502074688797e-05
subordinate,3.319502074688797e-05
addict,3.319502074688797e-05
repute,3.319502074688797e-05
fulfil,3.319502074688797e-05
curb,3.319502074688797e-05
despair,3.319502074688797e-05
accord,3.319502074688797e-05
reign,3.319502074688797e-05
belove,3.319502074688797e-05
harbour,3.319502074688797e-05
ordain,3.319502074688797e-05
induct,3.319502074688797e-05
defy,3.319502074688797e-05
commission,3.319502074688797e-05
corrupt,3.319502074688797e-05
chastise,3.319502074688797e-05
intercept,3.319502074688797e-05
dispatch,3.319502074688797e-05
reprove,3.319502074688797e-05
encumber,3.319502074688797e-05
speculate,3.319502074688797e-05
emasculate,3.319502074688797e-05
vacate,3.319502074688797e-05
slant,3.319502074688797e-05
coperate,3.319502074688797e-05
strip,3.319502074688797e-05
forsake,3.319502074688797e-05
profane,3.319502074688797e-05
founder,3.319502074688797e-05
emulate,3.319502074688797e-05
commune,3.319502074688797e-05
front,3.319502074688797e-05
partook,3.319502074688797e-05
pare,3.319502074688797e-05
prop,3.319502074688797e-05
soak,3.319502074688797e-05
exalt,3.319502074688797e-05
criesDrop,3.319502074688797e-05
allure,3.319502074688797e-05
paw,3.319502074688797e-05
muddy,3.319502074688797e-05
dazzle,3.319502074688797e-05
divest,3.319502074688797e-05
manuvre,3.319502074688797e-05
cooly,3.319502074688797e-05
balk,3.319502074688797e-05
style,3.319502074688797e-05
discolor,3.319502074688797e-05
launch,3.319502074688797e-05
actuate,3.319502074688797e-05
peddle,3.319502074688797e-05
enhance,3.319502074688797e-05
boohoo,3.319502074688797e-05
circle,3.319502074688797e-05
adorn,3.319502074688797e-05
simplify,3.319502074688797e-05
mature,3.319502074688797e-05
endow,3.319502074688797e-05
harbor,3.319502074688797e-05
combat,3.319502074688797e-05
domesticate,3.319502074688797e-05
witch,3.319502074688797e-05
sue,3.319502074688797e-05
tan,3.319502074688797e-05
vote,3.319502074688797e-05
fag,3.319502074688797e-05
drip,3.319502074688797e-05
dump,3.319502074688797e-05
aswinge,3.319502074688797e-05
reckonedand,3.319502074688797e-05
haggle,3.319502074688797e-05
gap,3.319502074688797e-05
bounce,3.319502074688797e-05
fry,3.319502074688797e-05
sot,3.319502074688797e-05
offn,3.319502074688797e-05
couldn,3.319502074688797e-05
barefoote,3.319502074688797e-05
suspicion,3.319502074688797e-05
roost,3.319502074688797e-05
shet,3.319502074688797e-05
ford,3.319502074688797e-05
fatch,3.319502074688797e-05
caint,3.319502074688797e-05
asaye,3.319502074688797e-05
pry,3.319502074688797e-05
trim,3.319502074688797e-05
beyou,3.319502074688797e-05
pepper,3.319502074688797e-05
slop,3.319502074688797e-05
reckn,3.319502074688797e-05
majestye,3.319502074688797e-05
ketche,3.319502074688797e-05
rouste,3.319502074688797e-05
dat,3.319502074688797e-05
sick,3.319502074688797e-05
areele,3.319502074688797e-05
outgaze,3.319502074688797e-05
heel,3.319502074688797e-05
humand,3.319502074688797e-05
size,3.319502074688797e-05
hog,3.319502074688797e-05
nodrownde,3.319502074688797e-05
contract,3.319502074688797e-05
got,3.319502074688797e-05
adoe,3.319502074688797e-05
blubber,3.319502074688797e-05
pinte,3.319502074688797e-05
blattere,3.319502074688797e-05
dern,3.319502074688797e-05
quiet,3.319502074688797e-05
storm,3.319502074688797e-05
droop,3.319502074688797e-05
meddle,3.319502074688797e-05
bull,3.319502074688797e-05
wag,3.319502074688797e-05
whiten,3.319502074688797e-05
drownd,3.319502074688797e-05
fret,3.319502074688797e-05
acusse,3.319502074688797e-05
amputate,3.319502074688797e-05
met,3.319502074688797e-05
right,3.319502074688797e-05
fend,3.319502074688797e-05
pison,3.319502074688797e-05
drat,3.319502074688797e-05
snake,3.319502074688797e-05
jab,3.319502074688797e-05
holler,3.319502074688797e-05
cramp,3.319502074688797e-05
scrabble,3.319502074688797e-05
block,3.319502074688797e-05
outsuperintend,3.319502074688797e-05
ast,3.319502074688797e-05
loadene,3.319502074688797e-05
bandage,3.319502074688797e-05
chalk,3.319502074688797e-05
awante,3.319502074688797e-05
anigh,3.319502074688797e-05
kase,3.319502074688797e-05
wend,3.319502074688797e-05
appal,3.319502074688797e-05
broadshouldere,3.319502074688797e-05
fame,3.319502074688797e-05
double,3.319502074688797e-05
domiciliate,3.319502074688797e-05
affirm,3.319502074688797e-05
traverse,3.319502074688797e-05
cudgel,3.319502074688797e-05
rain,3.319502074688797e-05
consecrate,3.319502074688797e-05
allege,3.319502074688797e-05
lisp,3.319502074688797e-05
availed,3.319502074688797e-05
title,3.319502074688797e-05
rent,3.319502074688797e-05
till,3.319502074688797e-05
highminde,3.319502074688797e-05
embarrass,3.319502074688797e-05
lightne,3.319502074688797e-05
overpower,3.319502074688797e-05
twofold,3.319502074688797e-05
revive,3.319502074688797e-05
outrage,3.319502074688797e-05
leapt,3.319502074688797e-05
design,3.319502074688797e-05
renounce,3.319502074688797e-05
unfasten,3.319502074688797e-05
whisk,3.319502074688797e-05
muse,3.319502074688797e-05
splutter,3.319502074688797e-05
expand,3.319502074688797e-05
infuriate,3.319502074688797e-05
numb,3.319502074688797e-05
illtreate,3.319502074688797e-05
plot,3.319502074688797e-05
scrawl,3.319502074688797e-05
nestle,3.319502074688797e-05
stagnate,3.319502074688797e-05
cunne,3.319502074688797e-05
unlatche,3.319502074688797e-05
scuffle,3.319502074688797e-05
amaze,3.319502074688797e-05
Put,3.319502074688797e-05
jostle,3.319502074688797e-05
dislocate,3.319502074688797e-05
imbibe,3.319502074688797e-05
unhinge,3.319502074688797e-05
omit,3.319502074688797e-05
alternate,3.319502074688797e-05
crimson,3.319502074688797e-05
animate,3.319502074688797e-05
humbug,3.319502074688797e-05
congratulate,3.319502074688797e-05
rack,3.319502074688797e-05
brain,3.319502074688797e-05
relish,3.319502074688797e-05
entrust,3.319502074688797e-05
flow,3.319502074688797e-05
believeth,3.319502074688797e-05
stinketh,3.319502074688797e-05
disarm,3.319502074688797e-05
babble,3.319502074688797e-05
retreat,3.319502074688797e-05
impose,3.319502074688797e-05
vivisect,3.319502074688797e-05
stupefy,3.319502074688797e-05
convict,3.319502074688797e-05
dupe,3.319502074688797e-05
belaude,3.319502074688797e-05
disdain,3.319502074688797e-05
apologise,3.319502074688797e-05
egg,3.319502074688797e-05
addle,3.319502074688797e-05
poison,3.319502074688797e-05
smote,3.319502074688797e-05
suffocate,3.319502074688797e-05
intrigue,3.319502074688797e-05
sip,3.319502074688797e-05
sprinkle,3.319502074688797e-05
oversleep,3.319502074688797e-05
predict,3.319502074688797e-05
analyse,3.319502074688797e-05
quench,3.319502074688797e-05
subdued,3.319502074688797e-05
intoxicate,3.319502074688797e-05
kidnap,3.319502074688797e-05
tilt,3.319502074688797e-05
position,3.319502074688797e-05
surpass,3.319502074688797e-05
lament,3.319502074688797e-05
gift,3.319502074688797e-05
demonstrate,3.319502074688797e-05
gamble,3.319502074688797e-05
entangle,3.319502074688797e-05
soil,3.319502074688797e-05
shape,3.319502074688797e-05
succumb,3.319502074688797e-05
shackle,3.319502074688797e-05
thump,3.319502074688797e-05
obsess,3.319502074688797e-05
pose,3.319502074688797e-05
withstand,3.319502074688797e-05
besought,3.319502074688797e-05
milk,3.319502074688797e-05
sorrow,3.319502074688797e-05
peck,3.319502074688797e-05
enchant,3.319502074688797e-05
fate,3.319502074688797e-05
bound,3.319502074688797e-05
gore,3.319502074688797e-05
collapse,3.319502074688797e-05
betroth,3.319502074688797e-05
befell,3.319502074688797e-05
sharpen,3.319502074688797e-05
stipulate,3.319502074688797e-05
forfeit,3.319502074688797e-05
alight,3.319502074688797e-05
yoke,3.319502074688797e-05
dost,3.319502074688797e-05
counsel,3.319502074688797e-05
overset,3.319502074688797e-05
dismount,3.319502074688797e-05
embark,3.319502074688797e-05
stoke,3.319502074688797e-05
hadst,3.319502074688797e-05
equip,3.319502074688797e-05
tot,3.319502074688797e-05
poohpoohe,3.319502074688797e-05
pamper,3.319502074688797e-05
crow,3.319502074688797e-05
ply,3.319502074688797e-05
engross,3.319502074688797e-05
poise,3.319502074688797e-05
shy,3.319502074688797e-05
ape,3.319502074688797e-05
wiggle,3.319502074688797e-05
brandish,3.319502074688797e-05
bare,3.319502074688797e-05
madebelieve,3.319502074688797e-05
stodge,3.319502074688797e-05
tingle,3.319502074688797e-05
wriggle,3.319502074688797e-05
pink,3.319502074688797e-05
blood,3.319502074688797e-05
butcher,3.319502074688797e-05
scruple,3.319502074688797e-05
unhand,3.319502074688797e-05
bulge,3.319502074688797e-05
indicate,3.319502074688797e-05
wail,3.319502074688797e-05
unnerve,3.319502074688797e-05
adhere,3.319502074688797e-05
loll,3.319502074688797e-05
totter,3.319502074688797e-05
pierce,3.319502074688797e-05
grudge,3.319502074688797e-05
crave,3.319502074688797e-05
spoilt,3.319502074688797e-05
brag,3.319502074688797e-05
pear,3.319502074688797e-05
trap,3.319502074688797e-05
uncover,3.319502074688797e-05
slacken,3.319502074688797e-05
bankrupt,3.319502074688797e-05
edge,3.319502074688797e-05
dieout,3.319502074688797e-05
tackle,3.319502074688797e-05
gall,3.319502074688797e-05
clamor,3.319502074688797e-05
canvass,3.319502074688797e-05
ishe,3.319502074688797e-05
nerve,3.319502074688797e-05
meowd,3.319502074688797e-05
flood,3.319502074688797e-05
belt,3.319502074688797e-05
phase,3.319502074688797e-05
calledpersecute,3.319502074688797e-05
worm,3.319502074688797e-05
submitbut,3.319502074688797e-05
concede,3.319502074688797e-05
practise,3.319502074688797e-05
tiptoe,3.319502074688797e-05
quarter,3.319502074688797e-05
beand,3.319502074688797e-05
welter,3.319502074688797e-05
thread,3.319502074688797e-05
untie,3.319502074688797e-05
erase,3.319502074688797e-05
waver,3.319502074688797e-05
saidhe,3.319502074688797e-05
trounce,3.319502074688797e-05
doesask,3.319502074688797e-05
nap,3.319502074688797e-05
sponge,3.319502074688797e-05
distort,3.319502074688797e-05
ketch,3.319502074688797e-05
donethat,3.319502074688797e-05
subtract,3.319502074688797e-05
forsook,3.319502074688797e-05
emrot,3.319502074688797e-05
anywayand,3.319502074688797e-05
foller,3.319502074688797e-05
bang,3.319502074688797e-05
frame,3.319502074688797e-05
economize,3.319502074688797e-05
hack,3.319502074688797e-05
contrive,3.319502074688797e-05
scoop,3.319502074688797e-05
diedaway,3.319502074688797e-05
educate,3.319502074688797e-05
bed,3.319502074688797e-05
breakfast,3.319502074688797e-05
picturesque,3.319502074688797e-05
blunt,3.319502074688797e-05
rust,3.319502074688797e-05
mew,3.319502074688797e-05
crack,3.319502074688797e-05
iswhen,3.319502074688797e-05
teethe,3.319502074688797e-05
hadand,3.319502074688797e-05
isthe,3.319502074688797e-05
growledthe,3.319502074688797e-05
giggle,3.319502074688797e-05
willGo,3.319502074688797e-05
plod,3.319502074688797e-05
patch,3.319502074688797e-05
rum,3.319502074688797e-05
spurn,3.319502074688797e-05
sup,3.319502074688797e-05
repaint,3.319502074688797e-05
jawingvyage,3.319502074688797e-05
broach,3.319502074688797e-05
compliment,3.319502074688797e-05
haze,3.319502074688797e-05
doom,3.319502074688797e-05
outstrip,3.319502074688797e-05
reappear,3.319502074688797e-05
maroon,3.319502074688797e-05
perk,3.319502074688797e-05
hadremarkable,3.319502074688797e-05
tighten,3.319502074688797e-05
reentere,3.319502074688797e-05
nip,3.319502074688797e-05
nettle,3.319502074688797e-05
coraclea,3.319502074688797e-05
grunt,3.319502074688797e-05
isas,3.319502074688797e-05
trail,3.319502074688797e-05
