say,0.05885405084871396
see,0.032614335482914536
go,0.03254021199318064
think,0.02268178785857238
know,0.022385293899636796
give,0.02134756504336224
tell,0.021125194574160552
feel,0.018753242902675858
take,0.018604995923208065
come,0.016010673782521682
look,0.015343562374916611
ask,0.014379957008375955
find,0.014379957008375955
hear,0.013119857682899711
speak,0.010822029501148914
s,0.010525535542213327
make,0.01045141205247943
begin,0.009784300644874361
sit,0.009710177155140463
love,0.009487806685938774
like,0.009043065747535394
leave,0.008894818768067601
get,0.008894818768067601
want,0.008598324809132014
try,0.007708842932325254
put,0.00756059595285746
cry,0.0071899785041879775
do,0.006819361055518494
call,0.006745237565784597
wish,0.0066711140760507
bring,0.006078126158179527
keep,0.00600400266844563
run,0.005633385219776147
turn,0.00555926173004225
stand,0.00533689126084056
help,0.00533689126084056
answer,0.004892150322437181
read,0.004373285894299903
have,0.004299162404566007
could,0.004225038914832111
walk,0.004150915425098213
use,0.003928544955896523
forget,0.003854421466162627
believe,0.003854421466162627
fall,0.003632050996960937
seem,0.003632050996960937
remember,0.00355792750722704
send,0.0034838040174931437
show,0.0034838040174931437
ought,0.003409680527759247
hold,0.003409680527759247
carry,0.003409680527759247
hope,0.00333555703802535
lie,0.0032614335482914537
meet,0.003187310058557557
talk,0.00311318656882366
grow,0.00311318656882366
add,0.0030390630790897637
set,0.0030390630790897637
let,0.002964939589355867
understand,0.002964939589355867
lose,0.00289081609962197
become,0.00289081609962197
stop,0.00289081609962197
watch,0.0028166926098880736
return,0.002742569120154177
open,0.002742569120154177
follow,0.002742569120154177
learn,0.002742569120154177
bear,0.00266844563042028
mean,0.00266844563042028
dress,0.0025943221406863836
receive,0.0025943221406863836
reply,0.0025201986509524868
draw,0.0024460751612185904
lead,0.0024460751612185904
die,0.0023719516714846936
laugh,0.0023719516714846936
catch,0.0023719516714846936
shake,0.0022978281817507967
kiss,0.0022237046920169003
expect,0.0022237046920169003
wear,0.0022237046920169003
long,0.0021495812022830035
reach,0.0021495812022830035
exclaim,0.0021495812022830035
care,0.0021495812022830035
lay,0.0020754577125491067
live,0.0020754577125491067
thank,0.0020754577125491067
need,0.0020754577125491067
pass,0.0020013342228152103
listen,0.0020013342228152103
throw,0.0020013342228152103
continue,0.0020013342228152103
touch,0.0019272107330813135
miss,0.0019272107330813135
notice,0.0018530872433474169
stay,0.0018530872433474169
resolve,0.0018530872433474169
strike,0.0018530872433474169
enter,0.00177896375361352
wait,0.00177896375361352
comfort,0.00177896375361352
finish,0.0017048402638796234
force,0.0017048402638796234
sleep,0.0017048402638796234
teach,0.0017048402638796234
wonder,0.0017048402638796234
oblige,0.0016307167741457268
lift,0.0016307167741457268
kill,0.0016307167741457268
fly,0.0016307167741457268
would,0.0016307167741457268
save,0.0016307167741457268
hate,0.0016307167741457268
assure,0.0016307167741457268
pay,0.0016307167741457268
discover,0.00155659328441183
suppose,0.00155659328441183
pick,0.0014824697946779334
marry,0.0014824697946779334
write,0.0014824697946779334
drop,0.0014083463049440368
start,0.0014083463049440368
hurt,0.00133422281521014
fancy,0.00133422281521014
spring,0.00133422281521014
allow,0.00133422281521014
consider,0.0012600993254762434
remind,0.0012600993254762434
seize,0.0012600993254762434
spare,0.0012600993254762434
offer,0.0012600993254762434
enjoy,0.0012600993254762434
explain,0.0011859758357423468
fear,0.0011859758357423468
smile,0.0011859758357423468
choose,0.0011118523460084502
eat,0.0011118523460084502
lean,0.0011118523460084502
move,0.0011118523460084502
wake,0.0011118523460084502
slip,0.0011118523460084502
rise,0.0011118523460084502
persuade,0.0011118523460084502
hurry,0.0010377288562745533
decide,0.0010377288562745533
may,0.0010377288562745533
tie,0.0010377288562745533
please,0.0010377288562745533
observe,0.0010377288562745533
drive,0.0010377288562745533
suit,0.0010377288562745533
hide,0.0010377288562745533
perceive,0.0010377288562745533
urge,0.0010377288562745533
greet,0.0010377288562745533
possess,0.0010377288562745533
fail,0.0010377288562745533
express,0.0010377288562745533
prepare,0.0010377288562745533
prevent,0.0010377288562745533
work,0.0009636053665406567
change,0.0009636053665406567
appear,0.0009636053665406567
push,0.0009636053665406567
agree,0.0009636053665406567
promise,0.0009636053665406567
refuse,0.0009636053665406567
order,0.0009636053665406567
pull,0.0009636053665406567
amuse,0.0009636053665406567
rouse,0.0009636053665406567
play,0.00088948187680676
remain,0.00088948187680676
dream,0.00088948187680676
suffer,0.00088948187680676
burst,0.00088948187680676
place,0.00088948187680676
awake,0.00088948187680676
cover,0.00088948187680676
trust,0.00088948187680676
whisper,0.00088948187680676
beg,0.00088948187680676
escape,0.00088948187680676
imagine,0.00088948187680676
forgive,0.00088948187680676
glance,0.00088948187680676
dance,0.00088948187680676
recollect,0.00088948187680676
sate,0.00088948187680676
manage,0.0008153583870728634
address,0.0008153583870728634
succeed,0.0008153583870728634
breathe,0.0008153583870728634
shut,0.0008153583870728634
cut,0.0008153583870728634
fill,0.0008153583870728634
desire,0.0008153583870728634
gaze,0.0008153583870728634
engage,0.0008153583870728634
accept,0.0008153583870728634
declare,0.0008153583870728634
regret,0.0008153583870728634
admit,0.0008153583870728634
join,0.0007412348973389667
dare,0.0007412348973389667
shrink,0.0007412348973389667
weep,0.0007412348973389667
hang,0.0007412348973389667
creep,0.0007412348973389667
intend,0.0007412348973389667
grieve,0.0007412348973389667
bid,0.0007412348973389667
seek,0.0007412348973389667
inquire,0.0007412348973389667
disturb,0.0007412348973389667
treat,0.0007412348973389667
recover,0.0007412348973389667
admire,0.0007412348973389667
console,0.0007412348973389667
ride,0.0007412348973389667
doubt,0.0007412348973389667
scream,0.0007412348973389667
accompany,0.00066711140760507
jump,0.00066711140760507
cross,0.00066711140760507
conclude,0.00066711140760507
fetch,0.00066711140760507
pity,0.00066711140760507
steal,0.00066711140760507
visit,0.00066711140760507
break,0.00066711140760507
entreat,0.00066711140760507
sigh,0.00066711140760507
own,0.00066711140760507
mind,0.00066711140760507
blush,0.00066711140760507
rush,0.00066711140760507
interest,0.00066711140760507
cling,0.00066711140760507
climb,0.00066711140760507
acknowledge,0.00066711140760507
question,0.0005929879178711734
pray,0.0005929879178711734
gather,0.0005929879178711734
hand,0.0005929879178711734
raise,0.0005929879178711734
attend,0.0005929879178711734
betray,0.0005929879178711734
sing,0.0005929879178711734
envy,0.0005929879178711734
pause,0.0005929879178711734
deserve,0.0005929879178711734
invite,0.0005929879178711734
will,0.0005929879178711734
worry,0.0005929879178711734
tempt,0.0005929879178711734
endure,0.0005929879178711734
arrive,0.0005929879178711734
satisfy,0.0005929879178711734
study,0.0005929879178711734
despise,0.0005929879178711734
restore,0.0005929879178711734
sink,0.0005929879178711734
protect,0.0005929879178711734
require,0.0005929879178711734
confess,0.0005188644281372767
drink,0.0005188644281372767
scold,0.0005188644281372767
guess,0.0005188644281372767
wander,0.0005188644281372767
repeat,0.0005188644281372767
tuck,0.0005188644281372767
check,0.0005188644281372767
sew,0.0005188644281372767
neglect,0.0005188644281372767
overtake,0.0005188644281372767
must,0.0005188644281372767
tear,0.0005188644281372767
warn,0.0005188644281372767
knock,0.0005188644281372767
welcome,0.0005188644281372767
soothe,0.0005188644281372767
punish,0.0005188644281372767
propose,0.0005188644281372767
sweep,0.0005188644281372767
suspect,0.0005188644281372767
dislike,0.0005188644281372767
regard,0.0005188644281372767
win,0.0005188644281372767
settle,0.0005188644281372767
plan,0.0005188644281372767
enable,0.0005188644281372767
sob,0.0005188644281372767
owe,0.0005188644281372767
announce,0.0005188644281372767
blame,0.0005188644281372767
encourage,0.0005188644281372767
assist,0.0005188644281372767
foresee,0.0005188644281372767
submit,0.0005188644281372767
approach,0.0005188644281372767
peep,0.00044474093840338
kneel,0.00044474093840338
bow,0.00044474093840338
tremble,0.00044474093840338
stretch,0.00044474093840338
venture,0.00044474093840338
step,0.00044474093840338
desert,0.00044474093840338
bury,0.00044474093840338
fit,0.00044474093840338
behave,0.00044474093840338
recognize,0.00044474093840338
hasten,0.00044474093840338
obey,0.00044474093840338
secure,0.00044474093840338
spend,0.00044474093840338
fix,0.00044474093840338
tease,0.00044474093840338
survey,0.00044474093840338
undertake,0.00044474093840338
affect,0.00044474093840338
depart,0.00044474093840338
struggle,0.00044474093840338
value,0.00044474093840338
dread,0.00044474093840338
praise,0.00044474093840338
prove,0.00044474093840338
startle,0.00044474093840338
mention,0.00044474093840338
gratify,0.00044474093840338
compel,0.00044474093840338
prefer,0.00044474093840338
hesitate,0.00044474093840338
introduce,0.00044474093840338
bend,0.00044474093840338
convince,0.00044474093840338
plead,0.00044474093840338
melt,0.00044474093840338
rest,0.00044474093840338
avoid,0.00044474093840338
clap,0.00037061744866948335
dry,0.00037061744866948335
remark,0.00037061744866948335
puzzle,0.00037061744866948335
upset,0.00037061744866948335
bind,0.00037061744866948335
choke,0.00037061744866948335
cast,0.00037061744866948335
crush,0.00037061744866948335
conceal,0.00037061744866948335
stir,0.00037061744866948335
pet,0.00037061744866948335
lend,0.00037061744866948335
oppress,0.00037061744866948335
utter,0.00037061744866948335
repent,0.00037061744866948335
fold,0.00037061744866948335
cheer,0.00037061744866948335
spoil,0.00037061744866948335
interrupt,0.00037061744866948335
present,0.00037061744866948335
suggest,0.00037061744866948335
recall,0.00037061744866948335
irritate,0.00037061744866948335
indulge,0.00037061744866948335
claim,0.00037061744866948335
blow,0.00037061744866948335
gasp,0.00037061744866948335
overlook,0.00037061744866948335
face,0.00037061744866948335
deny,0.00037061744866948335
determine,0.00037061744866948335
delight,0.00037061744866948335
shew,0.00037061744866948335
command,0.00037061744866948335
distress,0.00037061744866948335
respect,0.00037061744866948335
anticipate,0.00037061744866948335
cause,0.00037061744866948335
resume,0.0002964939589355867
round,0.0002964939589355867
hit,0.0002964939589355867
swallow,0.0002964939589355867
beat,0.0002964939589355867
mutter,0.0002964939589355867
gain,0.0002964939589355867
wound,0.0002964939589355867
toss,0.0002964939589355867
frighten,0.0002964939589355867
retire,0.0002964939589355867
awaken,0.0002964939589355867
taste,0.0002964939589355867
buy,0.0002964939589355867
roll,0.0002964939589355867
prick,0.0002964939589355867
plague,0.0002964939589355867
wash,0.0002964939589355867
conquer,0.0002964939589355867
snatch,0.0002964939589355867
wrap,0.0002964939589355867
sell,0.0002964939589355867
cost,0.0002964939589355867
hug,0.0002964939589355867
describe,0.0002964939589355867
beckon,0.0002964939589355867
march,0.0002964939589355867
ignore,0.0002964939589355867
pack,0.0002964939589355867
trip,0.0002964939589355867
act,0.0002964939589355867
entertain,0.0002964939589355867
dispose,0.0002964939589355867
support,0.0002964939589355867
behold,0.0002964939589355867
nod,0.0002964939589355867
pat,0.0002964939589355867
abuse,0.0002964939589355867
await,0.0002964939589355867
proceed,0.0002964939589355867
bless,0.0002964939589355867
wind,0.0002964939589355867
haunt,0.0002964939589355867
insist,0.0002964939589355867
reproach,0.0002964939589355867
arrange,0.0002964939589355867
advise,0.0002964939589355867
perform,0.0002964939589355867
escort,0.0002964939589355867
realize,0.0002964939589355867
be,0.0002964939589355867
consent,0.0002964939589355867
hail,0.0002964939589355867
waken,0.0002964939589355867
inform,0.0002964939589355867
resist,0.0002964939589355867
cure,0.0002964939589355867
close,0.0002964939589355867
judge,0.0002964939589355867
flee,0.0002964939589355867
thrust,0.0002964939589355867
destroy,0.0002964939589355867
happen,0.0002964939589355867
demand,0.0002964939589355867
belong,0.0002964939589355867
faint,0.0002964939589355867
murmur,0.0002964939589355867
shed,0.0002964939589355867
threaten,0.0002964939589355867
mortify,0.0002964939589355867
afford,0.0002964939589355867
vex,0.0002964939589355867
compliment,0.0002964939589355867
should,0.0002964939589355867
undo,0.0002964939589355867
reassure,0.0002964939589355867
sail,0.0002964939589355867
beach,0.0002964939589355867
spread,0.00022237046920169
squeeze,0.00022237046920169
picture,0.00022237046920169
light,0.00022237046920169
soften,0.00022237046920169
silence,0.00022237046920169
astonish,0.00022237046920169
pour,0.00022237046920169
paint,0.00022237046920169
rejoice,0.00022237046920169
abash,0.00022237046920169
contradict,0.00022237046920169
surprise,0.00022237046920169
examine,0.00022237046920169
bounce,0.00022237046920169
tumble,0.00022237046920169
build,0.00022237046920169
spy,0.00022237046920169
flatter,0.00022237046920169
flirt,0.00022237046920169
serve,0.00022237046920169
row,0.00022237046920169
wave,0.00022237046920169
sign,0.00022237046920169
wipe,0.00022237046920169
trouble,0.00022237046920169
relieve,0.00022237046920169
approve,0.00022237046920169
yield,0.00022237046920169
allude,0.00022237046920169
groan,0.00022237046920169
prevail,0.00022237046920169
fret,0.00022237046920169
exclude,0.00022237046920169
scare,0.00022237046920169
train,0.00022237046920169
exert,0.00022237046920169
depend,0.00022237046920169
disappoint,0.00022237046920169
scramble,0.00022237046920169
excite,0.00022237046920169
feed,0.00022237046920169
stab,0.00022237046920169
sustain,0.00022237046920169
resign,0.00022237046920169
absorb,0.00022237046920169
form,0.00022237046920169
mend,0.00022237046920169
stamp,0.00022237046920169
linger,0.00022237046920169
knit,0.00022237046920169
insult,0.00022237046920169
adopt,0.00022237046920169
whip,0.00022237046920169
alarm,0.00022237046920169
chain,0.00022237046920169
induce,0.00022237046920169
fling,0.00022237046920169
recognise,0.00022237046920169
pretend,0.00022237046920169
overcome,0.00022237046920169
disappear,0.00022237046920169
clasp,0.00022237046920169
implore,0.00022237046920169
grope,0.00022237046920169
stumble,0.00022237046920169
divide,0.00022237046920169
acquaint,0.00022237046920169
repress,0.00022237046920169
press,0.00022237046920169
grumble,0.00022237046920169
vow,0.00022237046920169
lament,0.00022237046920169
recite,0.00022237046920169
cease,0.00022237046920169
dine,0.00022237046920169
justify,0.00022237046920169
compare,0.00022237046920169
staid,0.00022237046920169
argue,0.00022237046920169
employ,0.00022237046920169
quit,0.00022237046920169
expose,0.00022237046920169
acquit,0.00022237046920169
deem,0.00022237046920169
direct,0.00022237046920169
part,0.00022237046920169
pain,0.00022237046920169
reprobate,0.00022237046920169
fain,0.00022237046920169
name,0.00022237046920169
caress,0.00022237046920169
swim,0.00014824697946779335
peer,0.00014824697946779335
nibble,0.00014824697946779335
appeal,0.00014824697946779335
limp,0.00014824697946779335
peck,0.00014824697946779335
alight,0.00014824697946779335
unpack,0.00014824697946779335
relate,0.00014824697946779335
devour,0.00014824697946779335
cook,0.00014824697946779335
grasp,0.00014824697946779335
bleed,0.00014824697946779335
lace,0.00014824697946779335
woo,0.00014824697946779335
scorn,0.00014824697946779335
guard,0.00014824697946779335
pluck,0.00014824697946779335
bethink,0.00014824697946779335
befall,0.00014824697946779335
unwrap,0.00014824697946779335
share,0.00014824697946779335
poke,0.00014824697946779335
pronounce,0.00014824697946779335
defy,0.00014824697946779335
roam,0.00014824697946779335
stare,0.00014824697946779335
offend,0.00014824697946779335
quench,0.00014824697946779335
arrest,0.00014824697946779335
govern,0.00014824697946779335
afflict,0.00014824697946779335
stalk,0.00014824697946779335
compose,0.00014824697946779335
bundle,0.00014824697946779335
wink,0.00014824697946779335
cherish,0.00014824697946779335
smooth,0.00014824697946779335
overhear,0.00014824697946779335
fan,0.00014824697946779335
worship,0.00014824697946779335
pop,0.00014824697946779335
provide,0.00014824697946779335
clear,0.00014824697946779335
ring,0.00014824697946779335
romp,0.00014824697946779335
sip,0.00014824697946779335
seat,0.00014824697946779335
uphold,0.00014824697946779335
electrify,0.00014824697946779335
vanish,0.00014824697946779335
clean,0.00014824697946779335
borrow,0.00014824697946779335
can,0.00014824697946779335
descend,0.00014824697946779335
bribe,0.00014824697946779335
endow,0.00014824697946779335
defend,0.00014824697946779335
devote,0.00014824697946779335
sacrifice,0.00014824697946779335
outgrow,0.00014824697946779335
earn,0.00014824697946779335
restrain,0.00014824697946779335
rock,0.00014824697946779335
overwhelm,0.00014824697946779335
bite,0.00014824697946779335
smell,0.00014824697946779335
illuminate,0.00014824697946779335
preach,0.00014824697946779335
burden,0.00014824697946779335
tap,0.00014824697946779335
scribble,0.00014824697946779335
permit,0.00014824697946779335
covet,0.00014824697946779335
fortify,0.00014824697946779335
murder,0.00014824697946779335
charm,0.00014824697946779335
glide,0.00014824697946779335
snap,0.00014824697946779335
devise,0.00014824697946779335
toil,0.00014824697946779335
refresh,0.00014824697946779335
accomplish,0.00014824697946779335
hem,0.00014824697946779335
swear,0.00014824697946779335
crawl,0.00014824697946779335
rattle,0.00014824697946779335
pant,0.00014824697946779335
drag,0.00014824697946779335
occupy,0.00014824697946779335
stitch,0.00014824697946779335
board,0.00014824697946779335
flutter,0.00014824697946779335
coax,0.00014824697946779335
hurl,0.00014824697946779335
flash,0.00014824697946779335
contrive,0.00014824697946779335
upbraid,0.00014824697946779335
nurse,0.00014824697946779335
tole,0.00014824697946779335
halt,0.00014824697946779335
yearn,0.00014824697946779335
heave,0.00014824697946779335
deliver,0.00014824697946779335
awitche,0.00014824697946779335
calculate,0.00014824697946779335
encounter,0.00014824697946779335
swing,0.00014824697946779335
dash,0.00014824697946779335
warm,0.00014824697946779335
fight,0.00014824697946779335
eye,0.00014824697946779335
burrow,0.00014824697946779335
dive,0.00014824697946779335
fulfil,0.00014824697946779335
ponder,0.00014824697946779335
reflect,0.00014824697946779335
confront,0.00014824697946779335
assert,0.00014824697946779335
thrill,0.00014824697946779335
persist,0.00014824697946779335
mourn,0.00014824697946779335
wail,0.00014824697946779335
rub,0.00014824697946779335
stoop,0.00014824697946779335
cough,0.00014824697946779335
spell,0.00014824697946779335
wheel,0.00014824697946779335
tread,0.00014824697946779335
sharpen,0.00014824697946779335
distrust,0.00014824697946779335
comprehend,0.00014824697946779335
rob,0.00014824697946779335
recommend,0.00014824697946779335
dishearten,0.00014824697946779335
charge,0.00014824697946779335
attach,0.00014824697946779335
mislead,0.00014824697946779335
scruple,0.00014824697946779335
occasion,0.00014824697946779335
retreat,0.00014824697946779335
fatigue,0.00014824697946779335
revive,0.00014824697946779335
hazard,0.00014824697946779335
invest,0.00014824697946779335
surround,0.00014824697946779335
penetrate,0.00014824697946779335
release,0.00014824697946779335
pledge,0.00014824697946779335
establish,0.00014824697946779335
endeavour,0.00014824697946779335
reconcile,0.00014824697946779335
accuse,0.00014824697946779335
deceive,0.00014824697946779335
honour,0.00014824697946779335
abstract,0.00014824697946779335
embrace,0.00014824697946779335
decline,0.00014824697946779335
dismiss,0.00014824697946779335
overpower,0.00014824697946779335
wince,0.00014824697946779335
strove,0.00014824697946779335
annoy,0.00014824697946779335
arise,0.00014824697946779335
dwell,0.00014824697946779335
subdue,0.00014824697946779335
clench,0.00014824697946779335
confirm,0.00014824697946779335
colour,0.00014824697946779335
loathe,0.00014824697946779335
shiver,0.00014824697946779335
crave,0.00014824697946779335
smite,0.00014824697946779335
quiet,0.00014824697946779335
end,0.00014824697946779335
redden,0.00014824697946779335
plant,0.00014824697946779335
rally,7.412348973389667e-05
spokefancy,7.412348973389667e-05
doze,7.412348973389667e-05
tire,7.412348973389667e-05
purr,7.412348973389667e-05
uncork,7.412348973389667e-05
box,7.412348973389667e-05
sentence,7.412348973389667e-05
tip,7.412348973389667e-05
mumble,7.412348973389667e-05
stick,7.412348973389667e-05
empty,7.412348973389667e-05
hiss,7.412348973389667e-05
rove,7.412348973389667e-05
loosen,7.412348973389667e-05
jog,7.412348973389667e-05
betroth,7.412348973389667e-05
grant,7.412348973389667e-05
pine,7.412348973389667e-05
unfasten,7.412348973389667e-05
clutch,7.412348973389667e-05
bake,7.412348973389667e-05
entice,7.412348973389667e-05
harm,7.412348973389667e-05
sprinkle,7.412348973389667e-05
strew,7.412348973389667e-05
bolt,7.412348973389667e-05
pursue,7.412348973389667e-05
ail,7.412348973389667e-05
weigh,7.412348973389667e-05
peel,7.412348973389667e-05
took,7.412348973389667e-05
travel,7.412348973389667e-05
christen,7.412348973389667e-05
anger,7.412348973389667e-05
illtreate,7.412348973389667e-05
curtsy,7.412348973389667e-05
unbolt,7.412348973389667e-05
bade,7.412348973389667e-05
conduct,7.412348973389667e-05
curse,7.412348973389667e-05
bequeath,7.412348973389667e-05
telegraph,7.412348973389667e-05
spill,7.412348973389667e-05
shroud,7.412348973389667e-05
parrylize,7.412348973389667e-05
revel,7.412348973389667e-05
consign,7.412348973389667e-05
defeat,7.412348973389667e-05
assume,7.412348973389667e-05
master,7.412348973389667e-05
copy,7.412348973389667e-05
humble,7.412348973389667e-05
harbor,7.412348973389667e-05
replenish,7.412348973389667e-05
differ,7.412348973389667e-05
wed,7.412348973389667e-05
lug,7.412348973389667e-05
endear,7.412348973389667e-05
hunt,7.412348973389667e-05
spit,7.412348973389667e-05
cuddle,7.412348973389667e-05
trudge,7.412348973389667e-05
boil,7.412348973389667e-05
aggravate,7.412348973389667e-05
hammer,7.412348973389667e-05
sugar,7.412348973389667e-05
pin,7.412348973389667e-05
ruffle,7.412348973389667e-05
glower,7.412348973389667e-05
scuttle,7.412348973389667e-05
shun,7.412348973389667e-05
capture,7.412348973389667e-05
bedew,7.412348973389667e-05
collect,7.412348973389667e-05
lecture,7.412348973389667e-05
overdo,7.412348973389667e-05
starch,7.412348973389667e-05
infect,7.412348973389667e-05
control,7.412348973389667e-05
dust,7.412348973389667e-05
replace,7.412348973389667e-05
promenade,7.412348973389667e-05
imitate,7.412348973389667e-05
unclasp,7.412348973389667e-05
distribute,7.412348973389667e-05
perch,7.412348973389667e-05
quake,7.412348973389667e-05
slam,7.412348973389667e-05
mold,7.412348973389667e-05
nettle,7.412348973389667e-05
meg,7.412348973389667e-05
transfix,7.412348973389667e-05
group,7.412348973389667e-05
scandalize,7.412348973389667e-05
distract,7.412348973389667e-05
attempt,7.412348973389667e-05
daub,7.412348973389667e-05
dig,7.412348973389667e-05
excavate,7.412348973389667e-05
persevere,7.412348973389667e-05
cultivate,7.412348973389667e-05
vibrate,7.412348973389667e-05
beheld,7.412348973389667e-05
chat,7.412348973389667e-05
emerge,7.412348973389667e-05
supply,7.412348973389667e-05
beam,7.412348973389667e-05
amaze,7.412348973389667e-05
rack,7.412348973389667e-05
reboile,7.412348973389667e-05
reduce,7.412348973389667e-05
issue,7.412348973389667e-05
rustle,7.412348973389667e-05
rescue,7.412348973389667e-05
uncle,7.412348973389667e-05
color,7.412348973389667e-05
bruise,7.412348973389667e-05
enlighten,7.412348973389667e-05
gush,7.412348973389667e-05
scrape,7.412348973389667e-05
evade,7.412348973389667e-05
fuss,7.412348973389667e-05
confide,7.412348973389667e-05
rummage,7.412348973389667e-05
repose,7.412348973389667e-05
search,7.412348973389667e-05
delve,7.412348973389667e-05
prosper,7.412348973389667e-05
satirize,7.412348973389667e-05
outmaneuver,7.412348973389667e-05
fascinate,7.412348973389667e-05
stroke,7.412348973389667e-05
rebuke,7.412348973389667e-05
dedicate,7.412348973389667e-05
demoralize,7.412348973389667e-05
scatter,7.412348973389667e-05
prink,7.412348973389667e-05
envelop,7.412348973389667e-05
gallop,7.412348973389667e-05
relinquish,7.412348973389667e-05
brood,7.412348973389667e-05
poise,7.412348973389667e-05
singe,7.412348973389667e-05
guide,7.412348973389667e-05
gift,7.412348973389667e-05
shorten,7.412348973389667e-05
wantedthe,7.412348973389667e-05
discourage,7.412348973389667e-05
construct,7.412348973389667e-05
scratch,7.412348973389667e-05
glorify,7.412348973389667e-05
twirl,7.412348973389667e-05
corner,7.412348973389667e-05
gifs,7.412348973389667e-05
haf,7.412348973389667e-05
calm,7.412348973389667e-05
furnish,7.412348973389667e-05
steer,7.412348973389667e-05
adore,7.412348973389667e-05
tot,7.412348973389667e-05
confuse,7.412348973389667e-05
resent,7.412348973389667e-05
tidy,7.412348973389667e-05
growl,7.412348973389667e-05
coddle,7.412348973389667e-05
lure,7.412348973389667e-05
perturb,7.412348973389667e-05
exult,7.412348973389667e-05
indicate,7.412348973389667e-05
thimble,7.412348973389667e-05
screech,7.412348973389667e-05
grip,7.412348973389667e-05
wriggle,7.412348973389667e-05
mix,7.412348973389667e-05
stave,7.412348973389667e-05
shoot,7.412348973389667e-05
brush,7.412348973389667e-05
pinch,7.412348973389667e-05
suspend,7.412348973389667e-05
vary,7.412348973389667e-05
splash,7.412348973389667e-05
slide,7.412348973389667e-05
torment,7.412348973389667e-05
propel,7.412348973389667e-05
drift,7.412348973389667e-05
abandon,7.412348973389667e-05
blink,7.412348973389667e-05
glory,7.412348973389667e-05
entrance,7.412348973389667e-05
unhand,7.412348973389667e-05
subject,7.412348973389667e-05
reel,7.412348973389667e-05
float,7.412348973389667e-05
grapple,7.412348973389667e-05
nose,7.412348973389667e-05
bar,7.412348973389667e-05
repulse,7.412348973389667e-05
weave,7.412348973389667e-05
object,7.412348973389667e-05
huddle,7.412348973389667e-05
resurrect,7.412348973389667e-05
spec,7.412348973389667e-05
lick,7.412348973389667e-05
dilute,7.412348973389667e-05
tarry,7.412348973389667e-05
button,7.412348973389667e-05
coat,7.412348973389667e-05
witch,7.412348973389667e-05
dodge,7.412348973389667e-05
whistle,7.412348973389667e-05
scrub,7.412348973389667e-05
sweat,7.412348973389667e-05
bother,7.412348973389667e-05
moan,7.412348973389667e-05
soliloquize,7.412348973389667e-05
lacerate,7.412348973389667e-05
refrain,7.412348973389667e-05
trounce,7.412348973389667e-05
near,7.412348973389667e-05
point,7.412348973389667e-05
curve,7.412348973389667e-05
grab,7.412348973389667e-05
damn,7.412348973389667e-05
drowse,7.412348973389667e-05
git,7.412348973389667e-05
snake,7.412348973389667e-05
count,7.412348973389667e-05
mistake,7.412348973389667e-05
oil,7.412348973389667e-05
retort,7.412348973389667e-05
enchant,7.412348973389667e-05
twist,7.412348973389667e-05
scamper,7.412348973389667e-05
whirl,7.412348973389667e-05
ferret,7.412348973389667e-05
stricken,7.412348973389667e-05
twitch,7.412348973389667e-05
relapse,7.412348973389667e-05
ejaculate,7.412348973389667e-05
discard,7.412348973389667e-05
strain,7.412348973389667e-05
interject,7.412348973389667e-05
inspect,7.412348973389667e-05
explore,7.412348973389667e-05
twit,7.412348973389667e-05
excuse,7.412348973389667e-05
behoove,7.412348973389667e-05
compromise,7.412348973389667e-05
purchase,7.412348973389667e-05
hamper,7.412348973389667e-05
abet,7.412348973389667e-05
pore,7.412348973389667e-05
shell,7.412348973389667e-05
display,7.412348973389667e-05
intercept,7.412348973389667e-05
humor,7.412348973389667e-05
appease,7.412348973389667e-05
collapse,7.412348973389667e-05
brag,7.412348973389667e-05
celebrate,7.412348973389667e-05
sober,7.412348973389667e-05
intoxicate,7.412348973389667e-05
time,7.412348973389667e-05
clip,7.412348973389667e-05
appreciate,7.412348973389667e-05
congratulate,7.412348973389667e-05
kept,7.412348973389667e-05
repay,7.412348973389667e-05
butter,7.412348973389667e-05
signal,7.412348973389667e-05
unsettle,7.412348973389667e-05
contrast,7.412348973389667e-05
kick,7.412348973389667e-05
exchange,7.412348973389667e-05
poison,7.412348973389667e-05
exalt,7.412348973389667e-05
sway,7.412348973389667e-05
ascend,7.412348973389667e-05
crow,7.412348973389667e-05
hanker,7.412348973389667e-05
shave,7.412348973389667e-05
gad,7.412348973389667e-05
disobey,7.412348973389667e-05
right,7.412348973389667e-05
forgave,7.412348973389667e-05
farewell,7.412348973389667e-05
involve,7.412348973389667e-05
flush,7.412348973389667e-05
separate,7.412348973389667e-05
snub,7.412348973389667e-05
stack,7.412348973389667e-05
cipher,7.412348973389667e-05
brighteye,7.412348973389667e-05
shirk,7.412348973389667e-05
criticize,7.412348973389667e-05
bewilder,7.412348973389667e-05
wedge,7.412348973389667e-05
hadgot,7.412348973389667e-05
puff,7.412348973389667e-05
appal,7.412348973389667e-05
somewherewith,7.412348973389667e-05
breed,7.412348973389667e-05
aim,7.412348973389667e-05
quarrel,7.412348973389667e-05
remove,7.412348973389667e-05
deprive,7.412348973389667e-05
mount,7.412348973389667e-05
ensure,7.412348973389667e-05
retake,7.412348973389667e-05
circumstance,7.412348973389667e-05
increase,7.412348973389667e-05
nee,7.412348973389667e-05
unanswere,7.412348973389667e-05
discern,7.412348973389667e-05
unite,7.412348973389667e-05
here,7.412348973389667e-05
slight,7.412348973389667e-05
pacify,7.412348973389667e-05
detest,7.412348973389667e-05
sympathise,7.412348973389667e-05
apply,7.412348973389667e-05
oppose,7.412348973389667e-05
inhale,7.412348973389667e-05
stopt,7.412348973389667e-05
disquiet,7.412348973389667e-05
condemn,7.412348973389667e-05
renew,7.412348973389667e-05
equal,7.412348973389667e-05
incommode,7.412348973389667e-05
whisk,7.412348973389667e-05
knelt,7.412348973389667e-05
remis,7.412348973389667e-05
preside,7.412348973389667e-05
embarrass,7.412348973389667e-05
define,7.412348973389667e-05
dispense,7.412348973389667e-05
withstand,7.412348973389667e-05
detect,7.412348973389667e-05
knewmore,7.412348973389667e-05
rate,7.412348973389667e-05
shall,7.412348973389667e-05
characteroblige,7.412348973389667e-05
elevate,7.412348973389667e-05
conjecture,7.412348973389667e-05
cheat,7.412348973389667e-05
unprompte,7.412348973389667e-05
summon,7.412348973389667e-05
ridicule,7.412348973389667e-05
waste,7.412348973389667e-05
couldAnd,7.412348973389667e-05
err,7.412348973389667e-05
pleasingsuppose,7.412348973389667e-05
detain,7.412348973389667e-05
create,7.412348973389667e-05
esteem,7.412348973389667e-05
screen,7.412348973389667e-05
contribute,7.412348973389667e-05
forbear,7.412348973389667e-05
influence,7.412348973389667e-05
attain,7.412348973389667e-05
disdain,7.412348973389667e-05
disgust,7.412348973389667e-05
grudge,7.412348973389667e-05
assail,7.412348973389667e-05
slacken,7.412348973389667e-05
assent,7.412348973389667e-05
estimate,7.412348973389667e-05
saydid,7.412348973389667e-05
absent,7.412348973389667e-05
attack,7.412348973389667e-05
accede,7.412348973389667e-05
incline,7.412348973389667e-05
herconvince,7.412348973389667e-05
alienate,7.412348973389667e-05
proclaim,7.412348973389667e-05
displease,7.412348973389667e-05
acquitted,7.412348973389667e-05
engross,7.412348973389667e-05
fondle,7.412348973389667e-05
connect,7.412348973389667e-05
design,7.412348973389667e-05
constrain,7.412348973389667e-05
condition,7.412348973389667e-05
alter,7.412348973389667e-05
detach,7.412348973389667e-05
derive,7.412348973389667e-05
confine,7.412348973389667e-05
impart,7.412348973389667e-05
meditate,7.412348973389667e-05
inflict,7.412348973389667e-05
disintereste,7.412348973389667e-05
reserve,7.412348973389667e-05
withdraw,7.412348973389667e-05
elope,7.412348973389667e-05
acquire,7.412348973389667e-05
content,7.412348973389667e-05
profess,7.412348973389667e-05
perplex,7.412348973389667e-05
desireda,7.412348973389667e-05
shower,7.412348973389667e-05
descant,7.412348973389667e-05
repine,7.412348973389667e-05
repel,7.412348973389667e-05
relax,7.412348973389667e-05
hopedall,7.412348973389667e-05
accustom,7.412348973389667e-05
respond,7.412348973389667e-05
forsake,7.412348973389667e-05
blurt,7.412348973389667e-05
shade,7.412348973389667e-05
pace,7.412348973389667e-05
halfsmile,7.412348973389667e-05
lounge,7.412348973389667e-05
defer,7.412348973389667e-05
enumerate,7.412348973389667e-05
strengthen,7.412348973389667e-05
realise,7.412348973389667e-05
iron,7.412348973389667e-05
rearrange,7.412348973389667e-05
hesitatedshe,7.412348973389667e-05
gladden,7.412348973389667e-05
unloose,7.412348973389667e-05
sound,7.412348973389667e-05
hashere,7.412348973389667e-05
exact,7.412348973389667e-05
wrang,7.412348973389667e-05
overstrain,7.412348973389667e-05
mollify,7.412348973389667e-05
freshen,7.412348973389667e-05
befriend,7.412348973389667e-05
yawn,7.412348973389667e-05
invoke,7.412348973389667e-05
agitate,7.412348973389667e-05
cryshe,7.412348973389667e-05
preordain,7.412348973389667e-05
gown,7.412348973389667e-05
weary,7.412348973389667e-05
precede,7.412348973389667e-05
credit,7.412348973389667e-05
provoke,7.412348973389667e-05
lock,7.412348973389667e-05
banish,7.412348973389667e-05
unheede,7.412348973389667e-05
droop,7.412348973389667e-05
shudder,7.412348973389667e-05
plunge,7.412348973389667e-05
convulse,7.412348973389667e-05
overtook,7.412348973389667e-05
diedi,7.412348973389667e-05
decoy,7.412348973389667e-05
brace,7.412348973389667e-05
wrench,7.412348973389667e-05
displace,7.412348973389667e-05
grind,7.412348973389667e-05
axe,7.412348973389667e-05
rave,7.412348973389667e-05
adjust,7.412348973389667e-05
dreed,7.412348973389667e-05
transport,7.412348973389667e-05
shouldconverse,7.412348973389667e-05
wason,7.412348973389667e-05
beto,7.412348973389667e-05
relent,7.412348973389667e-05
hale,7.412348973389667e-05
damp,7.412348973389667e-05
sprang,7.412348973389667e-05
ramble,7.412348973389667e-05
produce,7.412348973389667e-05
reason,7.412348973389667e-05
motion,7.412348973389667e-05
frown,7.412348973389667e-05
tonguetie,7.412348973389667e-05
ally,7.412348973389667e-05
blench,7.412348973389667e-05
brave,7.412348973389667e-05
reveal,7.412348973389667e-05
speed,7.412348973389667e-05
degrade,7.412348973389667e-05
disgrace,7.412348973389667e-05
class,7.412348973389667e-05
review,7.412348973389667e-05
imply,7.412348973389667e-05
correct,7.412348973389667e-05
beguile,7.412348973389667e-05
stain,7.412348973389667e-05
snort,7.412348973389667e-05
sting,7.412348973389667e-05
attribute,7.412348973389667e-05
buffet,7.412348973389667e-05
regain,7.412348973389667e-05
corrupt,7.412348973389667e-05
quiver,7.412348973389667e-05
match,7.412348973389667e-05
bestow,7.412348973389667e-05
strive,7.412348973389667e-05
rebel,7.412348973389667e-05
nourish,7.412348973389667e-05
goodnight,7.412348973389667e-05
saysand,7.412348973389667e-05
reject,7.412348973389667e-05
disapprove,7.412348973389667e-05
gowith,7.412348973389667e-05
consult,7.412348973389667e-05
tend,7.412348973389667e-05
surfeit,7.412348973389667e-05
hint,7.412348973389667e-05
concern,7.412348973389667e-05
report,7.412348973389667e-05
dimple,7.412348973389667e-05
sketch,7.412348973389667e-05
substitute,7.412348973389667e-05
twine,7.412348973389667e-05
convert,7.412348973389667e-05
affix,7.412348973389667e-05
school,7.412348973389667e-05
repass,7.412348973389667e-05
getten,7.412348973389667e-05
advance,7.412348973389667e-05
beseech,7.412348973389667e-05
didlooke,7.412348973389667e-05
perish,7.412348973389667e-05
saidhard,7.412348973389667e-05
tiptoe,7.412348973389667e-05
coughedjust,7.412348973389667e-05
yell,7.412348973389667e-05
feltyou,7.412348973389667e-05
lack,7.412348973389667e-05
unfold,7.412348973389667e-05
witness,7.412348973389667e-05
ruin,7.412348973389667e-05
shriek,7.412348973389667e-05
explode,7.412348973389667e-05
bump,7.412348973389667e-05
treasure,7.412348973389667e-05
muse,7.412348973389667e-05
forbid,7.412348973389667e-05
complete,7.412348973389667e-05
experience,7.412348973389667e-05
progress,7.412348973389667e-05
fashion,7.412348973389667e-05
rip,7.412348973389667e-05
shove,7.412348973389667e-05
load,7.412348973389667e-05
ease,7.412348973389667e-05
trim,7.412348973389667e-05
swamp,7.412348973389667e-05
anchor,7.412348973389667e-05
loom,7.412348973389667e-05
yaw,7.412348973389667e-05
sight,7.412348973389667e-05
overhaul,7.412348973389667e-05
head,7.412348973389667e-05
strand,7.412348973389667e-05
