say,0.057635949202214265
see,0.02955063497232172
go,0.026619993487463366
come,0.023607945294692283
give,0.021247150765223054
tell,0.020026050146532075
know,0.018967762943666557
look,0.01815369586453924
ask,0.017909475740801043
take,0.016769781830022795
think,0.014816020840117225
speak,0.014653207424291761
leave,0.012048192771084338
like,0.011478345815695214
love,0.011152718984044286
make,0.010582872028655162
find,0.010338651904916965
feel,0.010013025073266037
call,0.00936177140996418
s,0.00936177140996418
seem,0.00805926408336047
do,0.007326603712145881
get,0.006919570172582221
turn,0.006593943340931292
hear,0.0065125366330185605
answer,0.006349723217193097
mean,0.006268316509280365
sit,0.006105503093454901
want,0.006105503093454901
meet,0.006024096385542169
keep,0.006024096385542169
wish,0.005779876261803972
would,0.0056170628459785085
stand,0.005535656138065777
bring,0.005454249430153045
put,0.005128622598502117
begin,0.0048029957668511885
talk,0.0048029957668511885
walk,0.0047215890589384565
continue,0.0047215890589384565
reply,0.004395962227287529
add,0.004314555519374796
return,0.0040703353956366
send,0.0039075219798111365
live,0.003744708563985672
believe,0.003744708563985672
try,0.0036633018560729403
help,0.0035004884402474764
forget,0.0035004884402474764
shake,0.0034190817323347445
show,0.003337675024422012
follow,0.003337675024422012
watch,0.003337675024422012
bear,0.003337675024422012
read,0.0032562683165092803
hold,0.0032562683165092803
write,0.0032562683165092803
set,0.0032562683165092803
stop,0.0031748616085965483
assure,0.0031748616085965483
marry,0.0031748616085965483
lead,0.0030120481927710845
use,0.0030120481927710845
thank,0.002930641484858352
enter,0.0028492347769456202
receive,0.0028492347769456202
could,0.0027678280690328883
expect,0.0027678280690328883
understand,0.0026050146532074245
draw,0.0026050146532074245
kiss,0.0026050146532074245
cry,0.002523607945294692
have,0.002523607945294692
pause,0.002523607945294692
lose,0.00244220123738196
smile,0.00244220123738196
ought,0.0023607945294692283
let,0.0023607945294692283
offer,0.0022793878215564964
choose,0.0021979811136437644
hope,0.002116574405731032
exclaim,0.002116574405731032
care,0.002116574405731032
open,0.0020351676978183
stay,0.0020351676978183
consider,0.0019537609899055682
appear,0.0019537609899055682
seek,0.0019537609899055682
accept,0.0019537609899055682
become,0.001872354281992836
express,0.001872354281992836
join,0.001872354281992836
listen,0.001872354281992836
start,0.001872354281992836
lift,0.001872354281992836
remember,0.001872354281992836
throw,0.0017909475740801042
fall,0.0017909475740801042
save,0.0017909475740801042
please,0.0017909475740801042
entreat,0.0017095408661673723
carry,0.0017095408661673723
suffer,0.0017095408661673723
lie,0.0017095408661673723
approach,0.0017095408661673723
address,0.0017095408661673723
admire,0.0017095408661673723
miss,0.0017095408661673723
laugh,0.0017095408661673723
break,0.0017095408661673723
pass,0.0016281341582546401
promise,0.0016281341582546401
reach,0.0016281341582546401
fear,0.0016281341582546401
strike,0.0016281341582546401
catch,0.0016281341582546401
pay,0.0016281341582546401
refuse,0.0016281341582546401
grow,0.0016281341582546401
die,0.0015467274503419082
intend,0.0015467274503419082
rise,0.0015467274503419082
invite,0.001465320742429176
move,0.001465320742429176
lay,0.001465320742429176
wait,0.001465320742429176
beg,0.0013839140345164442
allow,0.0013025073266037122
observe,0.0013025073266037122
repeat,0.0013025073266037122
suppose,0.0013025073266037122
owe,0.0013025073266037122
spend,0.0013025073266037122
hate,0.0013025073266037122
drive,0.0013025073266037122
need,0.0013025073266037122
interrupt,0.00122110061869098
teach,0.00122110061869098
discover,0.00122110061869098
pursue,0.00122110061869098
regard,0.00122110061869098
forgive,0.00122110061869098
learn,0.00122110061869098
place,0.0011396939107782482
persuade,0.0011396939107782482
mention,0.0011396939107782482
proceed,0.0011396939107782482
inform,0.0011396939107782482
cease,0.0011396939107782482
avoid,0.0011396939107782482
oblige,0.0011396939107782482
lean,0.0011396939107782482
engage,0.001058287202865516
attend,0.001058287202865516
remain,0.001058287202865516
convince,0.001058287202865516
enjoy,0.001058287202865516
accompany,0.001058287202865516
imagine,0.001058287202865516
value,0.001058287202865516
resolve,0.001058287202865516
seat,0.001058287202865516
treat,0.001058287202865516
whisper,0.001058287202865516
force,0.0009768804949527841
inquire,0.0009768804949527841
change,0.0009768804949527841
wear,0.0009768804949527841
assist,0.0009768804949527841
encourage,0.0009768804949527841
escape,0.0009768804949527841
visit,0.0009768804949527841
acknowledge,0.0009768804949527841
recommend,0.0009768804949527841
deserve,0.0009768804949527841
manage,0.0009768804949527841
remind,0.0008954737870400521
introduce,0.0008954737870400521
dance,0.0008954737870400521
dislike,0.0008954737870400521
explain,0.0008954737870400521
act,0.0008954737870400521
suspect,0.0008954737870400521
long,0.0008954737870400521
fail,0.0008954737870400521
bless,0.0008954737870400521
occupy,0.0008954737870400521
notice,0.0008954737870400521
interest,0.0008140670791273201
possess,0.0008140670791273201
perceive,0.0008140670791273201
relate,0.0008140670791273201
form,0.0008140670791273201
utter,0.0008140670791273201
deliver,0.0008140670791273201
rouse,0.0008140670791273201
resume,0.0008140670791273201
trust,0.0008140670791273201
attach,0.0008140670791273201
press,0.0008140670791273201
withdraw,0.0008140670791273201
prevent,0.0008140670791273201
run,0.0008140670791273201
close,0.0008140670791273201
amuse,0.0008140670791273201
stir,0.0008140670791273201
buy,0.000732660371214588
command,0.000732660371214588
quit,0.000732660371214588
pull,0.000732660371214588
work,0.000732660371214588
seize,0.000732660371214588
depart,0.000732660371214588
succeed,0.000732660371214588
point,0.000732660371214588
dare,0.000732660371214588
determine,0.000732660371214588
gain,0.000732660371214588
sink,0.000732660371214588
fix,0.000732660371214588
declare,0.000732660371214588
consult,0.000732660371214588
hand,0.000732660371214588
kill,0.000732660371214588
distress,0.000732660371214588
shut,0.000732660371214588
obey,0.000732660371214588
hurt,0.000732660371214588
ride,0.000732660371214588
murmur,0.000732660371214588
hurry,0.000732660371214588
glance,0.000732660371214588
push,0.000732660371214588
deny,0.000732660371214588
respect,0.0006512536633018561
step,0.0006512536633018561
desire,0.0006512536633018561
mutter,0.0006512536633018561
spare,0.0006512536633018561
play,0.0006512536633018561
pronounce,0.0006512536633018561
sigh,0.0006512536633018561
betray,0.0006512536633018561
destroy,0.0006512536633018561
pity,0.0006512536633018561
rest,0.0006512536633018561
fly,0.0006512536633018561
advance,0.0006512536633018561
advise,0.0006512536633018561
bow,0.0006512536633018561
behave,0.0006512536633018561
arrive,0.0006512536633018561
urge,0.0006512536633018561
suit,0.0006512536633018561
will,0.0006512536633018561
bend,0.0006512536633018561
recall,0.0006512536633018561
name,0.0006512536633018561
serve,0.0006512536633018561
touch,0.0006512536633018561
bid,0.0006512536633018561
order,0.0006512536633018561
propose,0.0006512536633018561
stare,0.0006512536633018561
face,0.0006512536633018561
comfort,0.0006512536633018561
approve,0.0005698469553891241
raise,0.0005698469553891241
finish,0.0005698469553891241
win,0.0005698469553891241
fill,0.0005698469553891241
judge,0.0005698469553891241
agree,0.0005698469553891241
entertain,0.0005698469553891241
can,0.0005698469553891241
eat,0.0005698469553891241
study,0.0005698469553891241
offend,0.0005698469553891241
cost,0.0005698469553891241
ruin,0.0005698469553891241
deceive,0.0005698469553891241
dine,0.0005698469553891241
improve,0.0005698469553891241
satisfy,0.0005698469553891241
claim,0.0005698469553891241
confess,0.0005698469553891241
admit,0.0005698469553891241
blame,0.0005698469553891241
gather,0.0005698469553891241
settle,0.0005698469553891241
stretch,0.0005698469553891241
stoop,0.0005698469553891241
cross,0.0005698469553891241
impress,0.0005698469553891241
knock,0.0005698469553891241
mind,0.0005698469553891241
drop,0.0005698469553891241
wonder,0.0005698469553891241
restore,0.0004884402474763921
recover,0.0004884402474763921
remove,0.0004884402474763921
hasten,0.0004884402474763921
endeavour,0.0004884402474763921
concern,0.0004884402474763921
convey,0.0004884402474763921
threaten,0.0004884402474763921
prepare,0.0004884402474763921
clear,0.0004884402474763921
descend,0.0004884402474763921
endure,0.0004884402474763921
render,0.0004884402474763921
behold,0.0004884402474763921
direct,0.0004884402474763921
soothe,0.0004884402474763921
apply,0.0004884402474763921
compliment,0.0004884402474763921
irritate,0.0004884402474763921
desert,0.0004884402474763921
recollect,0.0004884402474763921
excuse,0.0004884402474763921
influence,0.0004884402474763921
regret,0.0004884402474763921
boast,0.0004884402474763921
prove,0.0004884402474763921
indulge,0.0004884402474763921
travel,0.0004884402474763921
yield,0.0004884402474763921
caress,0.0004884402474763921
ring,0.0004884402474763921
despise,0.0004884402474763921
encounter,0.0004884402474763921
insist,0.0004884402474763921
remark,0.0004884402474763921
await,0.0004884402474763921
beat,0.0004884402474763921
disturb,0.0004884402474763921
dread,0.0004884402474763921
climb,0.0004884402474763921
rub,0.00040703353956366003
torment,0.00040703353956366003
welcome,0.00040703353956366003
provide,0.00040703353956366003
attempt,0.00040703353956366003
permit,0.00040703353956366003
doubt,0.00040703353956366003
allude,0.00040703353956366003
praise,0.00040703353956366003
sleep,0.00040703353956366003
afford,0.00040703353956366003
steal,0.00040703353956366003
assume,0.00040703353956366003
secure,0.00040703353956366003
enable,0.00040703353956366003
sail,0.00040703353956366003
tear,0.00040703353956366003
struggle,0.00040703353956366003
silence,0.00040703353956366003
console,0.00040703353956366003
swear,0.00040703353956366003
bind,0.00040703353956366003
disappear,0.00040703353956366003
reconcile,0.00040703353956366003
breathe,0.00040703353956366003
devote,0.00040703353956366003
spring,0.00040703353956366003
mortify,0.00040703353956366003
disappoint,0.00040703353956366003
punish,0.00040703353956366003
own,0.00040703353956366003
experience,0.00040703353956366003
belong,0.00040703353956366003
induce,0.00040703353956366003
accuse,0.00040703353956366003
gratify,0.00040703353956366003
detain,0.00040703353956366003
fancy,0.00040703353956366003
present,0.00040703353956366003
prefer,0.00040703353956366003
cut,0.00040703353956366003
mount,0.00040703353956366003
question,0.00040703353956366003
release,0.00040703353956366003
examine,0.00040703353956366003
demand,0.00040703353956366003
refer,0.00040703353956366003
adore,0.00040703353956366003
precede,0.00040703353956366003
dress,0.00040703353956366003
stroll,0.00040703353956366003
recommence,0.00040703353956366003
pray,0.00040703353956366003
annoy,0.00040703353956366003
relinquish,0.00040703353956366003
smoke,0.00040703353956366003
drink,0.00040703353956366003
earn,0.00040703353956366003
greet,0.00040703353956366003
dream,0.00040703353956366003
may,0.00040703353956366003
neglect,0.00040703353956366003
guess,0.00040703353956366003
scold,0.00040703353956366003
decide,0.00040703353956366003
redden,0.00040703353956366003
deprive,0.00032562683165092806
distinguish,0.00032562683165092806
astonish,0.00032562683165092806
select,0.00032562683165092806
mark,0.00032562683165092806
exert,0.00032562683165092806
invent,0.00032562683165092806
support,0.00032562683165092806
elude,0.00032562683165092806
relieve,0.00032562683165092806
employ,0.00032562683165092806
arrange,0.00032562683165092806
hire,0.00032562683165092806
protect,0.00032562683165092806
gaze,0.00032562683165092806
depend,0.00032562683165092806
require,0.00032562683165092806
wander,0.00032562683165092806
hang,0.00032562683165092806
enquire,0.00032562683165092806
must,0.00032562683165092806
trouble,0.00032562683165092806
defy,0.00032562683165092806
fold,0.00032562683165092806
include,0.00032562683165092806
expose,0.00032562683165092806
esteem,0.00032562683165092806
should,0.00032562683165092806
delight,0.00032562683165092806
justify,0.00032562683165092806
deem,0.00032562683165092806
conceal,0.00032562683165092806
fight,0.00032562683165092806
survive,0.00032562683165092806
grasp,0.00032562683165092806
shun,0.00032562683165092806
cast,0.00032562683165092806
recognise,0.00032562683165092806
sing,0.00032562683165092806
produce,0.00032562683165092806
accost,0.00032562683165092806
summon,0.00032562683165092806
swallow,0.00032562683165092806
contrive,0.00032562683165092806
fetch,0.00032562683165092806
bolt,0.00032562683165092806
rejoin,0.00032562683165092806
check,0.00032562683165092806
thrust,0.00032562683165092806
forgave,0.00032562683165092806
slip,0.00032562683165092806
stab,0.00032562683165092806
preach,0.00032562683165092806
linger,0.00032562683165092806
contemplate,0.00032562683165092806
wipe,0.00032562683165092806
grope,0.00032562683165092806
jump,0.00032562683165092806
cheer,0.00032562683165092806
pick,0.00032562683165092806
recognize,0.00032562683165092806
quarrel,0.00032562683165092806
bewilder,0.00032562683165092806
shoot,0.00032562683165092806
nurse,0.00032562683165092806
worry,0.00032562683165092806
undertake,0.00032562683165092806
foresee,0.00032562683165092806
appoint,0.00032562683165092806
sell,0.00032562683165092806
reason,0.00032562683165092806
derive,0.00032562683165092806
lock,0.00032562683165092806
tremble,0.00032562683165092806
oppress,0.00024422012373819603
retire,0.00024422012373819603
elevate,0.00024422012373819603
deplore,0.00024422012373819603
conduct,0.00024422012373819603
compose,0.00024422012373819603
acquaint,0.00024422012373819603
conclude,0.00024422012373819603
account,0.00024422012373819603
attribute,0.00024422012373819603
murder,0.00024422012373819603
motion,0.00024422012373819603
communicate,0.00024422012373819603
dash,0.00024422012373819603
hunt,0.00024422012373819603
flee,0.00024422012373819603
repulse,0.00024422012373819603
attack,0.00024422012373819603
establish,0.00024422012373819603
detect,0.00024422012373819603
attract,0.00024422012373819603
protest,0.00024422012373819603
witness,0.00024422012373819603
honour,0.00024422012373819603
mislead,0.00024422012373819603
dissuade,0.00024422012373819603
prevail,0.00024422012373819603
unfold,0.00024422012373819603
reproach,0.00024422012373819603
wound,0.00024422012373819603
commission,0.00024422012373819603
content,0.00024422012373819603
provoke,0.00024422012373819603
rob,0.00024422012373819603
disgust,0.00024422012373819603
injure,0.00024422012373819603
retain,0.00024422012373819603
shield,0.00024422012373819603
waken,0.00024422012373819603
resemble,0.00024422012373819603
instal,0.00024422012373819603
halt,0.00024422012373819603
wave,0.00024422012373819603
master,0.00024422012373819603
worship,0.00024422012373819603
sweep,0.00024422012373819603
grind,0.00024422012373819603
arrest,0.00024422012373819603
awake,0.00024422012373819603
compare,0.00024422012373819603
chafe,0.00024422012373819603
groan,0.00024422012373819603
submit,0.00024422012373819603
moan,0.00024422012373819603
oppose,0.00024422012373819603
implore,0.00024422012373819603
heave,0.00024422012373819603
subdue,0.00024422012373819603
awaken,0.00024422012373819603
hide,0.00024422012373819603
respond,0.00024422012373819603
trip,0.00024422012373819603
stride,0.00024422012373819603
warn,0.00024422012373819603
profess,0.00024422012373819603
ponder,0.00024422012373819603
resign,0.00024422012373819603
plead,0.00024422012373819603
clasp,0.00024422012373819603
light,0.00024422012373819603
procure,0.00024422012373819603
spoil,0.00024422012373819603
thrash,0.00024422012373819603
endeavor,0.00024422012373819603
picture,0.00024422012373819603
lend,0.00024422012373819603
describe,0.00024422012373819603
knit,0.00024422012373819603
tie,0.00024422012373819603
prance,0.00024422012373819603
rush,0.00024422012373819603
venture,0.00024422012373819603
mend,0.00024422012373819603
swing,0.00024422012373819603
roll,0.00024422012373819603
overhear,0.00024422012373819603
haunt,0.00024422012373819603
cure,0.00024422012373819603
affect,0.00024422012373819603
insult,0.00024422012373819603
argue,0.00024422012373819603
persevere,0.00024422012373819603
end,0.00024422012373819603
dwell,0.00024422012373819603
fit,0.00024422012373819603
confirm,0.00024422012373819603
incline,0.00024422012373819603
despair,0.00024422012373819603
vex,0.00024422012373819603
sate,0.00024422012373819603
embark,0.00016281341582546403
bestow,0.00016281341582546403
exchange,0.00016281341582546403
excite,0.00016281341582546403
converse,0.00016281341582546403
renew,0.00016281341582546403
strove,0.00016281341582546403
omit,0.00016281341582546403
anticipate,0.00016281341582546403
perform,0.00016281341582546403
commit,0.00016281341582546403
precipitate,0.00016281341582546403
bound,0.00016281341582546403
loathe,0.00016281341582546403
aid,0.00016281341582546403
reside,0.00016281341582546403
abandon,0.00016281341582546403
curse,0.00016281341582546403
dart,0.00016281341582546403
educate,0.00016281341582546403
condemn,0.00016281341582546403
display,0.00016281341582546403
conceive,0.00016281341582546403
loiter,0.00016281341582546403
delay,0.00016281341582546403
conjecture,0.00016281341582546403
beseech,0.00016281341582546403
cause,0.00016281341582546403
vow,0.00016281341582546403
shudder,0.00016281341582546403
perish,0.00016281341582546403
triumph,0.00016281341582546403
confine,0.00016281341582546403
tempt,0.00016281341582546403
impose,0.00016281341582546403
presume,0.00016281341582546403
congratulate,0.00016281341582546403
surround,0.00016281341582546403
represent,0.00016281341582546403
destine,0.00016281341582546403
reduce,0.00016281341582546403
benefit,0.00016281341582546403
scruple,0.00016281341582546403
deign,0.00016281341582546403
rattle,0.00016281341582546403
supply,0.00016281341582546403
disdain,0.00016281341582546403
comprehend,0.00016281341582546403
scorn,0.00016281341582546403
shrink,0.00016281341582546403
disgrace,0.00016281341582546403
overlook,0.00016281341582546403
intimate,0.00016281341582546403
inspire,0.00016281341582546403
daunt,0.00016281341582546403
prolong,0.00016281341582546403
glorify,0.00016281341582546403
scrutinise,0.00016281341582546403
transact,0.00016281341582546403
create,0.00016281341582546403
vanish,0.00016281341582546403
fasten,0.00016281341582546403
starve,0.00016281341582546403
bore,0.00016281341582546403
absorb,0.00016281341582546403
subjoin,0.00016281341582546403
charge,0.00016281341582546403
share,0.00016281341582546403
creep,0.00016281341582546403
round,0.00016281341582546403
confront,0.00016281341582546403
unlove,0.00016281341582546403
reiterate,0.00016281341582546403
stagger,0.00016281341582546403
usher,0.00016281341582546403
nod,0.00016281341582546403
scowl,0.00016281341582546403
growl,0.00016281341582546403
beset,0.00016281341582546403
overtake,0.00016281341582546403
mock,0.00016281341582546403
ejaculate,0.00016281341582546403
fret,0.00016281341582546403
tease,0.00016281341582546403
fling,0.00016281341582546403
restrain,0.00016281341582546403
resist,0.00016281341582546403
guard,0.00016281341582546403
hinder,0.00016281341582546403
puzzle,0.00016281341582546403
sacrifice,0.00016281341582546403
realise,0.00016281341582546403
bequeath,0.00016281341582546403
drag,0.00016281341582546403
crush,0.00016281341582546403
survey,0.00016281341582546403
humour,0.00016281341582546403
stamp,0.00016281341582546403
warm,0.00016281341582546403
arouse,0.00016281341582546403
sympathise,0.00016281341582546403
calculate,0.00016281341582546403
last,0.00016281341582546403
propitiate,0.00016281341582546403
displease,0.00016281341582546403
exact,0.00016281341582546403
request,0.00016281341582546403
pat,0.00016281341582546403
sting,0.00016281341582546403
maintain,0.00016281341582546403
labour,0.00016281341582546403
announce,0.00016281341582546403
enslave,0.00016281341582546403
blurt,0.00016281341582546403
adjust,0.00016281341582546403
detest,0.00016281341582546403
pack,0.00016281341582546403
taste,0.00016281341582546403
shock,0.00016281341582546403
surprise,0.00016281341582546403
resent,0.00016281341582546403
brush,0.00016281341582546403
tire,0.00016281341582546403
clutch,0.00016281341582546403
consent,0.00016281341582546403
control,0.00016281341582546403
frighten,0.00016281341582546403
march,0.00016281341582546403
shout,0.00016281341582546403
envy,0.00016281341582546403
bury,0.00016281341582546403
burst,0.00016281341582546403
cheat,0.00016281341582546403
peep,0.00016281341582546403
plague,0.00016281341582546403
pet,0.00016281341582546403
whisk,0.00016281341582546403
pride,0.00016281341582546403
escort,0.00016281341582546403
kick,0.00016281341582546403
rebel,0.00016281341582546403
flatter,0.00016281341582546403
limp,0.00016281341582546403
hint,0.00016281341582546403
nee,0.00016281341582546403
clap,0.00016281341582546403
prompt,0.00016281341582546403
rumple,0.00016281341582546403
repress,0.00016281341582546403
plunge,0.00016281341582546403
clench,0.00016281341582546403
bereft,0.00016281341582546403
conquer,0.00016281341582546403
tuck,0.00016281341582546403
blow,0.00016281341582546403
enlighten,0.00016281341582546403
exult,0.00016281341582546403
burn,0.00016281341582546403
gobble,0.00016281341582546403
spell,0.00016281341582546403
blush,0.00016281341582546403
purchase,0.00016281341582546403
mistake,0.00016281341582546403
condition,0.00016281341582546403
accommodate,0.00016281341582546403
complain,0.00016281341582546403
contradict,0.00016281341582546403
devise,0.00016281341582546403
plan,0.00016281341582546403
imbibe,0.00016281341582546403
desist,0.00016281341582546403
stopt,0.00016281341582546403
blind,0.00016281341582546403
weigh,0.00016281341582546403
compel,0.00016281341582546403
implicate,0.00016281341582546403
pace,0.00016281341582546403
fumble,0.00016281341582546403
hug,0.00016281341582546403
hesitate,0.00016281341582546403
thrill,0.00016281341582546403
startle,0.00016281341582546403
reckon,0.00016281341582546403
slick,0.00016281341582546403
perplex,0.00016281341582546403
drown,0.00016281341582546403
bamboozle,0.00016281341582546403
grin,0.00016281341582546403
reassure,0.00016281341582546403
design,8.140670791273201e-05
faint,8.140670791273201e-05
wrap,8.140670791273201e-05
gnash,8.140670791273201e-05
manifest,8.140670791273201e-05
evince,8.140670791273201e-05
commence,8.140670791273201e-05
retreat,8.140670791273201e-05
unveil,8.140670791273201e-05
dissect,8.140670791273201e-05
smooth,8.140670791273201e-05
ascribe,8.140670791273201e-05
credit,8.140670791273201e-05
overwhelm,8.140670791273201e-05
reward,8.140670791273201e-05
revolve,8.140670791273201e-05
glory,8.140670791273201e-05
aim,8.140670791273201e-05
narrate,8.140670791273201e-05
animate,8.140670791273201e-05
calm,8.140670791273201e-05
compassionate,8.140670791273201e-05
transport,8.140670791273201e-05
cataracthaunte,8.140670791273201e-05
exist,8.140670791273201e-05
debar,8.140670791273201e-05
associate,8.140670791273201e-05
forsake,8.140670791273201e-05
compensate,8.140670791273201e-05
allot,8.140670791273201e-05
depose,8.140670791273201e-05
strangle,8.140670791273201e-05
vanquish,8.140670791273201e-05
satiate,8.140670791273201e-05
dote,8.140670791273201e-05
doom,8.140670791273201e-05
inhabit,8.140670791273201e-05
hover,8.140670791273201e-05
evade,8.140670791273201e-05
intercept,8.140670791273201e-05
harness,8.140670791273201e-05
liveswear,8.140670791273201e-05
shriek,8.140670791273201e-05
exhaust,8.140670791273201e-05
accumulate,8.140670791273201e-05
sum,8.140670791273201e-05
sprain,8.140670791273201e-05
affront,8.140670791273201e-05
decline,8.140670791273201e-05
adhere,8.140670791273201e-05
discourage,8.140670791273201e-05
shine,8.140670791273201e-05
engross,8.140670791273201e-05
estimate,8.140670791273201e-05
bebut,8.140670791273201e-05
connect,8.140670791273201e-05
selfdestine,8.140670791273201e-05
crowd,8.140670791273201e-05
vouch,8.140670791273201e-05
eye,8.140670791273201e-05
dissatisfy,8.140670791273201e-05
acquit,8.140670791273201e-05
persist,8.140670791273201e-05
favour,8.140670791273201e-05
meditate,8.140670791273201e-05
cleanse,8.140670791273201e-05
involve,8.140670791273201e-05
number,8.140670791273201e-05
carve,8.140670791273201e-05
store,8.140670791273201e-05
assent,8.140670791273201e-05
divide,8.140670791273201e-05
inflict,8.140670791273201e-05
govern,8.140670791273201e-05
rescue,8.140670791273201e-05
upbraid,8.140670791273201e-05
testify,8.140670791273201e-05
deter,8.140670791273201e-05
sustain,8.140670791273201e-05
reject,8.140670791273201e-05
separate,8.140670791273201e-05
trace,8.140670791273201e-05
insinuate,8.140670791273201e-05
pledge,8.140670791273201e-05
indebte,8.140670791273201e-05
impute,8.140670791273201e-05
abominate,8.140670791273201e-05
simper,8.140670791273201e-05
waver,8.140670791273201e-05
obtain,8.140670791273201e-05
pitch,8.140670791273201e-05
condescend,8.140670791273201e-05
rant,8.140670791273201e-05
shrug,8.140670791273201e-05
scoff,8.140670791273201e-05
myselfbefore,8.140670791273201e-05
prophesy,8.140670791273201e-05
hurl,8.140670791273201e-05
flash,8.140670791273201e-05
gorge,8.140670791273201e-05
bully,8.140670791273201e-05
abuse,8.140670791273201e-05
twist,8.140670791273201e-05
reveal,8.140670791273201e-05
gotplucke,8.140670791273201e-05
hoist,8.140670791273201e-05
snuff,8.140670791273201e-05
wag,8.140670791273201e-05
dub,8.140670791273201e-05
search,8.140670791273201e-05
wheel,8.140670791273201e-05
spread,8.140670791273201e-05
harass,8.140670791273201e-05
prejudice,8.140670791273201e-05
extend,8.140670791273201e-05
chance,8.140670791273201e-05
cherish,8.140670791273201e-05
diverge,8.140670791273201e-05
portray,8.140670791273201e-05
disclose,8.140670791273201e-05
alienate,8.140670791273201e-05
stupefy,8.140670791273201e-05
fulminate,8.140670791273201e-05
deluge,8.140670791273201e-05
reentere,8.140670791273201e-05
stoppeddid,8.140670791273201e-05
relax,8.140670791273201e-05
wake,8.140670791273201e-05
withhold,8.140670791273201e-05
enjoin,8.140670791273201e-05
breakfast,8.140670791273201e-05
waste,8.140670791273201e-05
isI,8.140670791273201e-05
dida,8.140670791273201e-05
disguise,8.140670791273201e-05
charm,8.140670791273201e-05
repel,8.140670791273201e-05
continuedladie,8.140670791273201e-05
reappear,8.140670791273201e-05
exclude,8.140670791273201e-05
glide,8.140670791273201e-05
sponge,8.140670791273201e-05
paralyse,8.140670791273201e-05
assign,8.140670791273201e-05
smother,8.140670791273201e-05
bleed,8.140670791273201e-05
measure,8.140670791273201e-05
saidtry,8.140670791273201e-05
stray,8.140670791273201e-05
hum,8.140670791273201e-05
fool,8.140670791273201e-05
weep,8.140670791273201e-05
scatter,8.140670791273201e-05
adopt,8.140670791273201e-05
delude,8.140670791273201e-05
traveland,8.140670791273201e-05
unknit,8.140670791273201e-05
chuckle,8.140670791273201e-05
afflict,8.140670791273201e-05
land,8.140670791273201e-05
disavow,8.140670791273201e-05
twine,8.140670791273201e-05
shrivel,8.140670791273201e-05
throttle,8.140670791273201e-05
wrestle,8.140670791273201e-05
pinion,8.140670791273201e-05
rue,8.140670791273201e-05
bare,8.140670791273201e-05
agitate,8.140670791273201e-05
bemoan,8.140670791273201e-05
wor,8.140670791273201e-05
fand,8.140670791273201e-05
afore,8.140670791273201e-05
peruse,8.140670791273201e-05
elapse,8.140670791273201e-05
pausedproceed,8.140670791273201e-05
prick,8.140670791273201e-05
curb,8.140670791273201e-05
enunciate,8.140670791273201e-05
notrenounce,8.140670791273201e-05
task,8.140670791273201e-05
replace,8.140670791273201e-05
rebuff,8.140670791273201e-05
uncross,8.140670791273201e-05
scare,8.140670791273201e-05
mistrust,8.140670791273201e-05
eschew,8.140670791273201e-05
maryplease,8.140670791273201e-05
irk,8.140670791273201e-05
decipher,8.140670791273201e-05
acquire,8.140670791273201e-05
view,8.140670791273201e-05
uplift,8.140670791273201e-05
prize,8.140670791273201e-05
complete,8.140670791273201e-05
defer,8.140670791273201e-05
abstain,8.140670791273201e-05
smiledmost,8.140670791273201e-05
trample,8.140670791273201e-05
invoke,8.140670791273201e-05
yearn,8.140670791273201e-05
supplicate,8.140670791273201e-05
traverse,8.140670791273201e-05
pausesfancye,8.140670791273201e-05
comply,8.140670791273201e-05
waswa,8.140670791273201e-05
drank,8.140670791273201e-05
halfopene,8.140670791273201e-05
snatch,8.140670791273201e-05
relapse,8.140670791273201e-05
revive,8.140670791273201e-05
hew,8.140670791273201e-05
yawn,8.140670791273201e-05
undress,8.140670791273201e-05
pile,8.140670791273201e-05
ail,8.140670791273201e-05
regain,8.140670791273201e-05
voice,8.140670791273201e-05
penetrate,8.140670791273201e-05
busy,8.140670791273201e-05
pacify,8.140670791273201e-05
crossquestione,8.140670791273201e-05
seemgrave,8.140670791273201e-05
realize,8.140670791273201e-05
anger,8.140670791273201e-05
instruct,8.140670791273201e-05
drum,8.140670791273201e-05
inclose,8.140670791273201e-05
banter,8.140670791273201e-05
antagonize,8.140670791273201e-05
discern,8.140670791273201e-05
coerce,8.140670791273201e-05
impel,8.140670791273201e-05
straighten,8.140670791273201e-05
acquiesce,8.140670791273201e-05
recline,8.140670791273201e-05
transform,8.140670791273201e-05
paralyze,8.140670791273201e-05
sip,8.140670791273201e-05
drain,8.140670791273201e-05
stumble,8.140670791273201e-05
twirl,8.140670791273201e-05
impart,8.140670791273201e-05
negotiate,8.140670791273201e-05
stroke,8.140670791273201e-05
scrawl,8.140670791273201e-05
exaggerate,8.140670791273201e-05
empty,8.140670791273201e-05
frown,8.140670791273201e-05
absent,8.140670791273201e-05
loosen,8.140670791273201e-05
envelop,8.140670791273201e-05
goingyour,8.140670791273201e-05
unfasten,8.140670791273201e-05
overcome,8.140670791273201e-05
banish,8.140670791273201e-05
beckon,8.140670791273201e-05
perch,8.140670791273201e-05
abash,8.140670791273201e-05
glower,8.140670791273201e-05
rap,8.140670791273201e-05
skate,8.140670791273201e-05
bake,8.140670791273201e-05
prim,8.140670791273201e-05
free,8.140670791273201e-05
smash,8.140670791273201e-05
pluck,8.140670791273201e-05
jumble,8.140670791273201e-05
lack,8.140670791273201e-05
shirk,8.140670791273201e-05
quiet,8.140670791273201e-05
leap,8.140670791273201e-05
report,8.140670791273201e-05
christen,8.140670791273201e-05
hearten,8.140670791273201e-05
tweak,8.140670791273201e-05
electrify,8.140670791273201e-05
forbid,8.140670791273201e-05
coax,8.140670791273201e-05
wheedle,8.140670791273201e-05
convict,8.140670791273201e-05
pardon,8.140670791273201e-05
nigh,8.140670791273201e-05
shelter,8.140670791273201e-05
dear,8.140670791273201e-05
wring,8.140670791273201e-05
slap,8.140670791273201e-05
risk,8.140670791273201e-05
characterize,8.140670791273201e-05
frolic,8.140670791273201e-05
baptize,8.140670791273201e-05
unpin,8.140670791273201e-05
convulse,8.140670791273201e-05
practice,8.140670791273201e-05
sew,8.140670791273201e-05
fume,8.140670791273201e-05
ruffle,8.140670791273201e-05
hit,8.140670791273201e-05
toss,8.140670791273201e-05
covet,8.140670791273201e-05
collect,8.140670791273201e-05
quiz,8.140670791273201e-05
appeal,8.140670791273201e-05
blaze,8.140670791273201e-05
graduate,8.140670791273201e-05
decapitate,8.140670791273201e-05
embrace,8.140670791273201e-05
promenade,8.140670791273201e-05
rove,8.140670791273201e-05
devour,8.140670791273201e-05
crown,8.140670791273201e-05
fan,8.140670791273201e-05
accustom,8.140670791273201e-05
quench,8.140670791273201e-05
wean,8.140670791273201e-05
subjugate,8.140670791273201e-05
howl,8.140670791273201e-05
wriggle,8.140670791273201e-05
cover,8.140670791273201e-05
repay,8.140670791273201e-05
lounge,8.140670791273201e-05
alter,8.140670791273201e-05
flush,8.140670791273201e-05
guide,8.140670791273201e-05
fortify,8.140670791273201e-05
gift,8.140670791273201e-05
withstand,8.140670791273201e-05
rummage,8.140670791273201e-05
discharge,8.140670791273201e-05
beam,8.140670791273201e-05
compromise,8.140670791273201e-05
captivate,8.140670791273201e-05
outwit,8.140670791273201e-05
here,8.140670791273201e-05
tumble,8.140670791273201e-05
churn,8.140670791273201e-05
sow,8.140670791273201e-05
found,8.140670791273201e-05
entice,8.140670791273201e-05
prowl,8.140670791273201e-05
herexcept,8.140670791273201e-05
paint,8.140670791273201e-05
intoxicate,8.140670791273201e-05
tiptoe,8.140670791273201e-05
smite,8.140670791273201e-05
apologize,8.140670791273201e-05
haul,8.140670791273201e-05
whip,8.140670791273201e-05
be,8.140670791273201e-05
rally,8.140670791273201e-05
swim,8.140670791273201e-05
reform,8.140670791273201e-05
didntso,8.140670791273201e-05
ignore,8.140670791273201e-05
surpass,8.140670791273201e-05
vote,8.140670791273201e-05
saydidnt,8.140670791273201e-05
board,8.140670791273201e-05
till,8.140670791273201e-05
plant,8.140670791273201e-05
debate,8.140670791273201e-05
distract,8.140670791273201e-05
detach,8.140670791273201e-05
refrain,8.140670791273201e-05
trick,8.140670791273201e-05
dupe,8.140670791273201e-05
promote,8.140670791273201e-05
forego,8.140670791273201e-05
chuse,8.140670791273201e-05
head,8.140670791273201e-05
post,8.140670791273201e-05
shew,8.140670791273201e-05
part,8.140670791273201e-05
enteredSuch,8.140670791273201e-05
object,8.140670791273201e-05
distrust,8.140670791273201e-05
brighten,8.140670791273201e-05
mingle,8.140670791273201e-05
except,8.140670791273201e-05
doctor,8.140670791273201e-05
trifle,8.140670791273201e-05
solicit,8.140670791273201e-05
figure,8.140670791273201e-05
match,8.140670791273201e-05
seal,8.140670791273201e-05
equip,8.140670791273201e-05
pain,8.140670791273201e-05
foretell,8.140670791273201e-05
doat,8.140670791273201e-05
confer,8.140670791273201e-05
soften,8.140670791273201e-05
deprecate,8.140670791273201e-05
staid,8.140670791273201e-05
speed,8.140670791273201e-05
alight,8.140670791273201e-05
happen,8.140670791273201e-05
rate,8.140670791273201e-05
court,8.140670791273201e-05
defend,8.140670791273201e-05
lecture,8.140670791273201e-05
accomplish,8.140670791273201e-05
pretend,8.140670791273201e-05
bias,8.140670791273201e-05
build,8.140670791273201e-05
displace,8.140670791273201e-05
actuate,8.140670791273201e-05
shame,8.140670791273201e-05
alarm,8.140670791273201e-05
overrate,8.140670791273201e-05
entangle,8.140670791273201e-05
clothe,8.140670791273201e-05
peel,8.140670791273201e-05
date,8.140670791273201e-05
interpret,8.140670791273201e-05
relent,8.140670791273201e-05
slight,8.140670791273201e-05
fascinate,8.140670791273201e-05
achieve,8.140670791273201e-05
illustrate,8.140670791273201e-05
soliloquise,8.140670791273201e-05
rely,8.140670791273201e-05
prosecute,8.140670791273201e-05
practise,8.140670791273201e-05
halfsmile,8.140670791273201e-05
rack,8.140670791273201e-05
puff,8.140670791273201e-05
clapt,8.140670791273201e-05
deave,8.140670791273201e-05
pinch,8.140670791273201e-05
crave,8.140670791273201e-05
himselffor,8.140670791273201e-05
doingconfound,8.140670791273201e-05
overstock,8.140670791273201e-05
menand,8.140670791273201e-05
the,8.140670791273201e-05
contrast,8.140670791273201e-05
flinch,8.140670791273201e-05
shall,8.140670791273201e-05
revert,8.140670791273201e-05
glow,8.140670791273201e-05
goad,8.140670791273201e-05
lower,8.140670791273201e-05
pant,8.140670791273201e-05
wasand,8.140670791273201e-05
ground,8.140670791273201e-05
wi,8.140670791273201e-05
sob,8.140670791273201e-05
stun,8.140670791273201e-05
strucken,8.140670791273201e-05
back,8.140670791273201e-05
shape,8.140670791273201e-05
contemn,8.140670791273201e-05
bewitch,8.140670791273201e-05
steel,8.140670791273201e-05
giveth,8.140670791273201e-05
slouch,8.140670791273201e-05
tramp,8.140670791273201e-05
execute,8.140670791273201e-05
asaye,8.140670791273201e-05
disapprove,8.140670791273201e-05
notsay,8.140670791273201e-05
notdeny,8.140670791273201e-05
buoy,8.140670791273201e-05
roam,8.140670791273201e-05
feed,8.140670791273201e-05
imprison,8.140670791273201e-05
uncover,8.140670791273201e-05
abide,8.140670791273201e-05
spite,8.140670791273201e-05
hail,8.140670791273201e-05
vault,8.140670791273201e-05
unprepossesse,8.140670791273201e-05
succumb,8.140670791273201e-05
totter,8.140670791273201e-05
tranquillise,8.140670791273201e-05
lain,8.140670791273201e-05
ramble,8.140670791273201e-05
unlock,8.140670791273201e-05
unburden,8.140670791273201e-05
lull,8.140670791273201e-05
stain,8.140670791273201e-05
strive,8.140670791273201e-05
settin,8.140670791273201e-05
liken,8.140670791273201e-05
mithere,8.140670791273201e-05
resort,8.140670791273201e-05
revel,8.140670791273201e-05
lash,8.140670791273201e-05
pique,8.140670791273201e-05
writhe,8.140670791273201e-05
misunderstand,8.140670791273201e-05
repent,8.140670791273201e-05
volunteer,8.140670791273201e-05
chagrin,8.140670791273201e-05
renounce,8.140670791273201e-05
allure,8.140670791273201e-05
gall,8.140670791273201e-05
bite,8.140670791273201e-05
sober,8.140670791273201e-05
wince,8.140670791273201e-05
infect,8.140670791273201e-05
unnative,8.140670791273201e-05
scout,8.140670791273201e-05
fatigue,8.140670791273201e-05
overpower,8.140670791273201e-05
handsome,8.140670791273201e-05
poison,8.140670791273201e-05
mince,8.140670791273201e-05
dismiss,8.140670791273201e-05
grieve,8.140670791273201e-05
reverence,8.140670791273201e-05
outdo,8.140670791273201e-05
fain,8.140670791273201e-05
saidsay,8.140670791273201e-05
joke,8.140670791273201e-05
expel,8.140670791273201e-05
halfthought,8.140670791273201e-05
predispose,8.140670791273201e-05
colder,8.140670791273201e-05
grudge,8.140670791273201e-05
review,8.140670791273201e-05
import,8.140670791273201e-05
borrow,8.140670791273201e-05
potter,8.140670791273201e-05
enforce,8.140670791273201e-05
getten,8.140670791273201e-05
exceed,8.140670791273201e-05
pump,8.140670791273201e-05
occur,8.140670791273201e-05
relish,8.140670791273201e-05
kneel,8.140670791273201e-05
disengage,8.140670791273201e-05
whistle,8.140670791273201e-05
kindle,8.140670791273201e-05
milk,8.140670791273201e-05
sneer,8.140670791273201e-05
unwrap,8.140670791273201e-05
cros,8.140670791273201e-05
side,8.140670791273201e-05
reign,8.140670791273201e-05
upset,8.140670791273201e-05
sin,8.140670791273201e-05
commend,8.140670791273201e-05
count,8.140670791273201e-05
coast,8.140670791273201e-05
dispose,8.140670791273201e-05
preoccupy,8.140670791273201e-05
blubber,8.140670791273201e-05
progress,8.140670791273201e-05
dawn,8.140670791273201e-05
smote,8.140670791273201e-05
race,8.140670791273201e-05
grumble,8.140670791273201e-05
rejoice,8.140670791273201e-05
confuse,8.140670791273201e-05
rebuild,8.140670791273201e-05
